2018-10-25 00:00:00;72,78399734
2018-10-25 01:00:00;72,07199707
2018-10-25 02:00:00;61,25749779
2018-10-25 03:00:00;61,4219986
2018-10-25 04:00:00;76,73399811
2018-10-25 05:00:00;79,6059967
2018-10-25 06:00:00;64,15999985
2018-10-25 07:00:00;58,09199905
2018-10-25 08:00:00;63,07399902
2018-10-25 09:00:00;67,22666677
2018-10-25 10:00:00;44,46199875
2018-10-25 11:00:00;32,70399933
2018-10-25 12:00:00;29,05599899
2018-10-25 13:00:00;25,27499962
2018-10-25 14:00:00;25,60399933
2018-10-25 15:00:00;26,6279995
2018-10-25 16:00:00;25,3324995
2018-10-25 17:00:00;26,4859993
2018-10-25 18:00:00;27,71199951
2018-10-25 19:00:00;31,55999947
2018-10-25 20:00:00;28,41999912
2018-10-25 21:00:00;27,93199921
2018-10-25 22:00:00;24,25999947
2018-10-25 23:00:00;25,2599988
2018-10-26 00:00:00;45,88999863
2018-10-26 01:00:00;41,00799942
2018-10-26 02:00:00;37,05399933
2018-10-26 03:00:00;31,59249926
2018-10-26 04:00:00;27,81399956
2018-10-26 05:00:00;23,57399902
2018-10-26 06:00:00;24,74499893
2018-10-26 07:00:00;22,96199951
2018-10-26 08:00:00;23,87199974
2018-10-26 09:00:00;23,83399925
2018-10-26 10:00:00;24,15749979
2018-10-26 11:00:00;25,44799957
2018-10-26 12:00:00;25,2739994
2018-10-26 13:00:00;26,08749914
2018-10-26 14:00:00;23,19599991
2018-10-26 15:00:00;25,75199928
2018-10-26 16:00:00;28,75999947
2018-10-26 17:00:00;27,97749901
2018-10-26 18:00:00;29,66399956
2018-10-26 19:00:00;32,20799942
2018-10-26 20:00:00;37,12249947
2018-10-26 21:00:00;45,75799942
2018-10-26 22:00:00;50,52399826
2018-10-26 23:00:00;50,55599899
2018-10-27 00:00:00;49,60999966
2018-10-27 01:00:00;52,11599808
2018-10-27 02:00:00;43,41199875
2018-10-27 03:00:00;39,57999897
2018-10-27 04:00:00;32,85600014
2018-10-27 05:00:00;27,92199898
2018-10-27 06:00:00;29,59399948
2018-10-27 07:00:00;39,24499893
2018-10-27 08:00:00;46,39999847
2018-10-27 09:00:00;48,93799896
2018-10-27 10:00:00;48,57499886
2018-10-27 11:00:00;50,30999985
2018-10-27 12:00:00;49,07599869
2018-10-27 13:00:00;44,72799835
2018-10-27 14:00:00;42,63499832
2018-10-27 15:00:00;36,69999924
2018-10-27 16:00:00;38,57199936
2018-10-27 17:00:00;38,52249908
2018-10-27 18:00:00;32,89999924
2018-10-27 19:00:00;29,4279995
2018-10-27 20:00:00;27,06599922
2018-10-27 21:00:00;35,13749838
2018-10-27 22:00:00;46,65399857
2018-10-27 23:00:00;51,40799942
2018-10-28 00:00:00;49,74499798
2018-10-28 01:00:00;43,27799911
2018-10-28 02:00:00;39,17799911
2018-10-28 03:00:00;32,83222093
2018-10-28 04:00:00;29,67999954
2018-10-28 05:00:00;28,78199921
2018-10-28 06:00:00;37,12249899
2018-10-28 07:00:00;52,09799957
2018-10-28 08:00:00;59,53799896
2018-10-28 09:00:00;60,02599792
2018-10-28 10:00:00;51,25499821
2018-10-28 11:00:00;47,05199814
2018-10-28 12:00:00;52,16199951
2018-10-28 13:00:00;52,4024992
2018-10-28 14:00:00;46,78199844
2018-10-28 15:00:00;33,75999908
2018-10-28 16:00:00;31,60799942
2018-10-28 17:00:00;25,94249964
2018-10-28 18:00:00;28,18999901
2018-10-28 19:00:00;34,12999878
2018-10-28 20:00:00;41,48999882
2018-10-28 21:00:00;66,06599884
2018-10-28 22:00:00;73,91199799
2018-10-28 23:00:00;87,84399872
2018-10-29 00:00:00;89,20749855
2018-10-29 01:00:00;77,01799927
2018-10-29 02:00:00;64,3519989
2018-10-29 03:00:00;51,01749897
2018-10-29 04:00:00;46,47599945
2018-10-29 05:00:00;40,0359993
2018-10-29 06:00:00;46,52999802
2018-10-29 07:00:00;69,23999977
2018-10-29 08:00:00;75,08799896
2018-10-29 09:00:00;108,8539963
2018-10-29 10:00:00;102,0999966
2018-10-29 11:00:00;98,96999817
2018-10-29 12:00:00;97,24599762
2018-10-29 13:00:00;90,10999756
2018-10-29 14:00:00;58,04249954
2018-10-29 15:00:00;53,66599884
2018-10-29 16:00:00;46,39800034
2018-10-29 17:00:00;49,14749908
2018-10-29 18:00:00;54,97599792
2018-10-29 19:00:00;59,02599792
2018-10-29 20:00:00;56,3379982
2018-10-29 21:00:00;59,76999855
2018-10-29 22:00:00;66,19599915
2018-10-29 23:00:00;63,52599869
2018-10-30 00:00:00;64,31749916
2018-10-30 01:00:00;56,36799774
2018-10-30 02:00:00;54,39999924
2018-10-30 03:00:00;51,73399963
2018-10-30 04:00:00;42,44250011
2018-10-30 05:00:00;39,68399963
2018-10-30 06:00:00;42,75999832
2018-10-30 07:00:00;59,64749908
2018-10-30 08:00:00;77,9
2018-10-30 09:00:00;78,52599792
2018-10-30 10:00:00;68,72799988
2018-10-30 11:00:00;65,24249935
2018-10-30 12:00:00;60,4719986
2018-10-30 13:00:00;55,55399933
2018-10-30 14:00:00;61,54499912
2018-10-30 15:00:00;59,59599838
2018-10-30 16:00:00;53,57999954
2018-10-30 17:00:00;43,6659996
2018-10-30 18:00:00;44,64749908
2018-10-30 19:00:00;54,76399918
2018-10-30 20:00:00;61,76199951
2018-10-30 21:00:00;59,70999813
2018-10-30 22:00:00;53,55999908
2018-10-30 23:00:00;45,84799881
2018-10-31 00:00:00;40,33999939
2018-10-31 01:00:00;34,38999939
2018-10-31 02:00:00;31,01599884
2018-10-31 03:00:00;26,78999939
2018-10-31 04:00:00;25,22999907
2018-10-31 05:00:00;26,24199944
2018-10-31 06:00:00;27,76799927
2018-10-31 07:00:00;31,55000051
2018-10-31 08:00:00;49,21399918
2018-10-31 09:00:00;49,44499874
2018-10-31 10:00:00;92,08599701
2018-10-31 11:00:00;42,79199829
2018-10-31 12:00:00;38,5
2018-10-31 13:00:00;39,79999924
2018-10-31 14:00:00;39,04599915
2018-10-31 15:00:00;40,69399872
2018-10-31 16:00:00;38,57249928
2018-10-31 17:00:00;31,78999939
2018-10-31 18:00:00;31,48399925
2018-10-31 19:00:00;33,69249868
2018-10-31 20:00:00;39,84799881
2018-10-31 21:00:00;42,2379982
2018-10-31 22:00:00;40,44199905
2018-10-31 23:00:00;40,90999889
2018-11-01 00:00:00;36,71399841
2018-11-01 01:00:00;35,01999893
2018-11-01 02:00:00;35,99999905
2018-11-01 03:00:00;35,62199936
2018-11-01 04:00:00;38,78399963
2018-11-01 05:00:00;38,6719986
2018-11-01 06:00:00;41,19249916
2018-11-01 07:00:00;42,65799942
2018-11-01 08:00:00;44,48799896
2018-11-01 09:00:00;33,42999935
2018-11-01 10:00:00;32,72199936
2018-11-01 11:00:00;27,69999924
2018-11-01 12:00:00;25,11399956
2018-11-01 13:00:00;25,53249884
2018-11-01 14:00:00;30,15199928
2018-11-01 15:00:00;35,20399971
2018-11-01 16:00:00;44,60249901
2018-11-01 17:00:00;43,77199936
2018-11-01 18:00:00;41,5859993
2018-11-01 19:00:00;37,89999847
2018-11-01 20:00:00;32,93499899
2018-11-01 21:00:00;29,76399994
2018-11-01 22:00:00;31,60999908
2018-11-01 23:00:00;36,06499863
2018-11-02 00:00:00;40,82399902
2018-11-02 01:00:00;41,89000015
2018-11-02 02:00:00;39,81999969
2018-11-02 03:00:00;40,13999939
2018-11-02 04:00:00;35,4
2018-11-02 05:00:00;32,30599937
2018-11-02 06:00:00;29,54999876
2018-11-02 07:00:00;34,72599907
2018-11-02 08:00:00;35,51200027
2018-11-02 09:00:00;35,38199921
2018-11-02 10:00:00;34,9024992
2018-11-02 11:00:00;35,39799881
2018-11-02 12:00:00;40,37799911
2018-11-02 13:00:00;39,04999828
2018-11-02 14:00:00;35,60799942
2018-11-02 15:00:00;34,00199928
2018-11-02 16:00:00;36,09399872
2018-11-02 17:00:00;34,71249962
2018-11-02 18:00:00;36,35599976
2018-11-02 19:00:00;36,93666585
2018-11-02 20:00:00;39,54199982
2018-11-02 21:00:00;36,08399963
2018-11-02 22:00:00;36,7159996
2018-11-02 23:00:00;30,19749975
2018-11-03 00:00:00;28,15399895
2018-11-03 01:00:00;30,70799904
2018-11-03 02:00:00;29,13249969
2018-11-03 03:00:00;23,28999901
2018-11-03 04:00:00;20,47999954
2018-11-03 05:00:00;24,8239994
2018-11-03 06:00:00;36,46999931
2018-11-03 07:00:00;42,31199951
2018-11-03 08:00:00;42,02999802
2018-11-03 09:00:00;38,93499947
2018-11-03 10:00:00;37,8859993
2018-11-03 11:00:00;30,82999916
2018-11-03 12:00:00;26,04599876
2018-11-03 13:00:00;23,83499956
2018-11-03 14:00:00;24,5859993
2018-11-03 15:00:00;31,7659996
2018-11-03 16:00:00;37,03999996
2018-11-03 17:00:00;38,83999939
2018-11-03 18:00:00;41,35399857
2018-11-03 19:00:00;41,45399933
2018-11-03 20:00:00;41,11749935
2018-11-03 21:00:00;42,66799927
2018-11-03 22:00:00;57,93399811
2018-11-03 23:00:00;72,9924984
2018-11-04 00:00:00;64,54999847
2018-11-04 01:00:00;63,3039978
2018-11-04 02:00:00;60,15999756
2018-11-04 03:00:00;50,99499893
2018-11-04 04:00:00;47,59599915
2018-11-04 05:00:00;42,30199966
2018-11-04 06:00:00;41,76249981
2018-11-04 07:00:00;41,7359993
2018-11-04 08:00:00;34,04799881
2018-11-04 09:00:00;30,91199837
2018-11-04 10:00:00;23,71749926
2018-11-04 11:00:00;22,63399925
2018-11-04 12:00:00;21,03599968
2018-11-04 13:00:00;18,09999943
2018-11-04 14:00:00;23,24599953
2018-11-04 15:00:00;27,44199944
2018-11-04 16:00:00;30,03199997
2018-11-04 17:00:00;32,40999842
2018-11-04 18:00:00;39,14199982
2018-11-04 19:00:00;41,51199875
2018-11-04 20:00:00;41,92499924
2018-11-04 21:00:00;46,29599991
2018-11-04 22:00:00;39,89799957
2018-11-04 23:00:00;36,00799866
2018-11-05 00:00:00;32,45249891
2018-11-05 01:00:00;28,11999941
2018-11-05 02:00:00;20,43333308
2018-11-05 03:00:00;19,05499983
2018-11-05 04:00:00;17,15250015
2018-11-05 05:00:00;17,32999992
2018-11-05 06:00:00;16,61499929
2018-11-05 07:00:00;21,63749933
2018-11-05 08:00:00;40,63399925
2018-11-05 09:00:00;53,0474987
2018-11-05 10:00:00;46,51199875
2018-11-05 11:00:00;39,44999981
2018-11-05 12:00:00;47,78999901
2018-11-05 13:00:00;52,00399933
2018-11-05 14:00:00;44,16999893
2018-11-05 15:00:00;40,26399841
2018-11-05 16:00:00;32,54249907
2018-11-05 17:00:00;32,84399872
2018-11-05 18:00:00;32,35200005
2018-11-05 19:00:00;33,79499912
2018-11-05 20:00:00;36,60599899
2018-11-05 21:00:00;49,15399933
2018-11-05 22:00:00;61,96399765
2018-11-05 23:00:00;78,45249844
2018-11-06 00:00:00;64,15999985
2018-11-06 01:00:00;59,79999847
2018-11-06 02:00:00;60,48499775
2018-11-06 03:00:00;53,21399918
2018-11-06 04:00:00;48,81999969
2018-11-06 05:00:00;51,76599884
2018-11-06 06:00:00;46,87749863
2018-11-06 07:00:00;52,65199966
2018-11-06 08:00:00;64,62599945
2018-11-06 09:00:00;60,90499878
2018-11-06 10:00:00;55,64799805
2018-11-06 11:00:00;51,50999908
2018-11-06 12:00:00;50,1799984
2018-11-06 13:00:00;52,21999893
2018-11-06 14:00:00;54,6679985
2018-11-06 15:00:00;43,84199905
2018-11-06 16:00:00;36,18249989
2018-11-06 17:00:00;33,30799828
2018-11-06 18:00:00;32,92599983
2018-11-06 19:00:00;30,84249926
2018-11-06 20:00:00;29,32599983
2018-11-06 21:00:00;29,38199959
2018-11-06 22:00:00;35,80399971
2018-11-06 23:00:00;35,66749954
2018-11-07 00:00:00;39,1099987
2018-11-07 01:00:00;35,46399879
2018-11-07 02:00:00;28,50249958
2018-11-07 03:00:00;27,95999985
2018-11-07 04:00:00;21,20399895
2018-11-07 05:00:00;19,31599998
2018-11-07 06:00:00;17,42249942
2018-11-07 07:00:00;21,12799911
2018-11-07 08:00:00;41,59199905
2018-11-07 09:00:00;59,17249775
2018-11-07 10:00:00;61,21199799
2018-11-07 11:00:00;63,21999969
2018-11-07 12:00:00;67,92599869
2018-11-07 13:00:00;71,06999779
2018-11-07 14:00:00;64,59599838
2018-11-07 15:00:00;53,73399963
2018-11-07 16:00:00;42,49749851
2018-11-07 17:00:00;35,86199913
2018-11-07 18:00:00;27,1859993
2018-11-07 19:00:00;24,22199974
2018-11-07 20:00:00;21,22999907
2018-11-07 21:00:00;18,55599976
2018-11-07 22:00:00;16,60799923
2018-11-07 23:00:00;17,11249971
2018-11-08 00:00:00;17,4
2018-11-08 01:00:00;17,04399948
2018-11-08 02:00:00;14,68999939
2018-11-08 03:00:00;13,4824996
2018-11-08 04:00:00;11,79399986
2018-11-08 05:00:00;13,74399967
2018-11-08 06:00:00;16,06999969
2018-11-08 07:00:00;17,13399982
2018-11-08 08:00:00;25,13799934
2018-11-08 09:00:00;33,08799896
2018-11-08 10:00:00;50,54999828
2018-11-08 11:00:00;43,6719986
2018-11-08 12:00:00;37,63999939
2018-11-08 13:00:00;32,40999937
2018-11-08 14:00:00;37,40399933
2018-11-08 15:00:00;33,16000023
2018-11-08 16:00:00;24,42999954
2018-11-08 17:00:00;22,80499935
2018-11-08 18:00:00;24,6739994
2018-11-08 19:00:00;29,40399895
2018-11-08 20:00:00;39,69249916
2018-11-08 21:00:00;39,20799866
2018-11-08 22:00:00;35,6519989
2018-11-08 23:00:00;35,59999924
2018-11-09 00:00:00;47,00749969
2018-11-09 01:00:00;60,34000015
2018-11-09 02:00:00;64,29199829
2018-11-09 03:00:00;72,25999832
2018-11-09 04:00:00;73,05332947
2018-11-09 05:00:00;69,61799774
2018-11-09 06:00:00;56,30799789
2018-11-09 07:00:00;60,16599808
2018-11-09 08:00:00;76,48249817
2018-11-09 09:00:00;88,02999725
2018-11-09 10:00:00;88,98199921
2018-11-09 11:00:00;102,6133321
2018-11-09 12:00:00;87,78499985
2018-11-09 13:00:00;82,24999847
2018-11-09 14:00:00;55,4659996
2018-11-09 15:00:00;43,42999935
2018-11-09 16:00:00;42,06599808
2018-11-09 17:00:00;35,52199936
2018-11-09 18:00:00;38,46249962
2018-11-09 19:00:00;42,49199829
2018-11-09 20:00:00;42,0159996
2018-11-09 21:00:00;38,37999954
2018-11-09 22:00:00;35,24999905
2018-11-09 23:00:00;31,35999908
2018-11-10 00:00:00;33,88399887
2018-11-10 01:00:00;45,80749893
2018-11-10 02:00:00;55,9859993
2018-11-10 03:00:00;72,44199829
2018-11-10 04:00:00;57,64999847
2018-11-10 05:00:00;48,80749893
2018-11-10 06:00:00;43,67199936
2018-11-10 07:00:00;56,31399918
2018-11-10 08:00:00;57,61999893
2018-11-10 09:00:00;56,34199905
2018-11-10 10:00:00;55,23199844
2018-11-10 11:00:00;53,21199875
2018-11-10 12:00:00;46,34499931
2018-11-10 13:00:00;47,19399872
2018-11-10 14:00:00;33,30199928
2018-11-10 15:00:00;28,88999939
2018-11-10 16:00:00;26,5579998
2018-11-10 17:00:00;27,39799957
2018-11-10 18:00:00;25,36799927
2018-11-10 19:00:00;31,52499866
2018-11-10 20:00:00;37,8019989
2018-11-10 21:00:00;49,83799896
2018-11-10 22:00:00;47,58999825
2018-11-10 23:00:00;47,61800003
2018-11-11 00:00:00;44,90999908
2018-11-11 01:00:00;49,00999985
2018-11-11 02:00:00;47,11249924
2018-11-11 03:00:00;40,09599915
2018-11-11 04:00:00;34,34999847
2018-11-11 05:00:00;41,00999928
2018-11-11 06:00:00;51,37599945
2018-11-11 07:00:00;57,77799835
2018-11-11 08:00:00;48,86999989
2018-11-11 09:00:00;47,27399979
2018-11-11 10:00:00;45,67799911
2018-11-11 11:00:00;32,32599869
2018-11-11 12:00:00;32,29499912
2018-11-11 13:00:00;36,12599869
2018-11-11 14:00:00;49,17599869
2018-11-11 15:00:00;63,57499981
2018-11-11 16:00:00;66,70999908
2018-11-11 17:00:00;59,44599762
2018-11-11 18:00:00;56,20599899
2018-11-11 19:00:00;55,45999813
2018-11-11 20:00:00;67,13399811
2018-11-11 21:00:00;78,60399933
2018-11-11 22:00:00;76,06749916
2018-11-11 23:00:00;81,83599854
2018-11-12 00:00:00;72,13199921
2018-11-12 01:00:00;57,74333191
2018-11-12 02:00:00;50,83399887
2018-11-12 03:00:00;45,0199995
2018-11-12 04:00:00;39,72749901
2018-11-12 05:00:00;35,89799881
2018-11-12 06:00:00;42,22399979
2018-11-12 07:00:00;50,34499836
2018-11-12 08:00:00;47,32199936
2018-11-12 09:00:00;39,07799988
2018-11-12 10:00:00;35,13000011
2018-11-12 11:00:00;33,57199974
2018-11-12 12:00:00;36,41999893
2018-11-12 13:00:00;45,8179985
2018-11-12 14:00:00;55,14249897
2018-11-12 15:00:00;56,21599731
2018-11-12 16:00:00;49,99399872
2018-11-12 17:00:00;48,83249855
2018-11-12 18:00:00;53,1359993
2018-11-12 19:00:00;49,31599884
2018-11-12 20:00:00;49,10399933
2018-11-12 21:00:00;53,7349987
2018-11-12 22:00:00;64,11999893
2018-11-12 23:00:00;56,72799911
2018-11-13 00:00:00;57,17999935
2018-11-13 01:00:00;52,03599854
2018-11-13 02:00:00;50,5879982
2018-11-13 03:00:00;45,19599838
2018-11-13 04:00:00;38,96499825
2018-11-13 05:00:00;34,33199959
2018-11-13 06:00:00;30,78399963
2018-11-13 07:00:00;31,08499956
2018-11-13 08:00:00;33,96999893
2018-11-13 09:00:00;33,97399979
2018-11-13 10:00:00;29,22199936
2018-11-13 11:00:00;26,43499899
2018-11-13 12:00:00;24,89599953
2018-11-13 13:00:00;26,6739994
2018-11-13 14:00:00;31,24499941
2018-11-13 15:00:00;30,52399902
2018-11-13 16:00:00;29,09199944
2018-11-13 17:00:00;25,90599899
2018-11-13 18:00:00;28,98749924
2018-11-13 19:00:00;33,36999969
2018-11-13 20:00:00;45,21999969
2018-11-13 21:00:00;58,62499905
2018-11-13 22:00:00;62,64799957
2018-11-13 23:00:00;59,57999878
2018-11-14 00:00:00;67,50199738
2018-11-14 01:00:00;57,94749928
2018-11-14 02:00:00;55,19999924
2018-11-14 03:00:00;51,02599869
2018-11-14 04:00:00;53,42499924
2018-11-14 05:00:00;54,59999924
2018-11-14 06:00:00;67,91199875
2018-11-14 07:00:00;68,42999725
2018-11-14 08:00:00;48,65499973
2018-11-14 09:00:00;32,9019989
2018-11-14 10:00:00;34,74599915
2018-11-14 11:00:00;31,08749914
2018-11-14 12:00:00;25,44199944
2018-11-14 13:00:00;25,33199997
2018-11-14 14:00:00;37,40399933
2018-11-14 15:00:00;49,59999847
2018-11-14 16:00:00;46,53199997
2018-11-14 17:00:00;51,75199814
2018-11-14 18:00:00;54,45499897
2018-11-14 19:00:00;55,69799881
2018-11-14 20:00:00;55,11399841
2018-11-14 21:00:00;63,05199966
2018-11-14 22:00:00;57,79249859
2018-11-14 23:00:00;56,77599945
2018-11-15 00:00:00;57,44999847
2018-11-15 01:00:00;56,77249813
2018-11-15 02:00:00;45,1219986
2018-11-15 03:00:00;35,23799973
2018-11-15 04:00:00;30,61199913
2018-11-15 05:00:00;24,88499928
2018-11-15 06:00:00;21,48799934
2018-11-15 07:00:00;19,92599983
2018-11-15 08:00:00;21,94249964
2018-11-15 09:00:00;24,92199974
2018-11-15 10:00:00;33,6159996
2018-11-15 11:00:00;38,09199982
2018-11-15 12:00:00;37,53499985
2018-11-15 13:00:00;71,91199875
2018-11-15 14:00:00;46,47799911
2018-11-15 15:00:00;46,84249878
2018-11-15 16:00:00;46,93399811
2018-11-15 17:00:00;51,89599838
2018-11-15 18:00:00;52,19399948
2018-11-15 19:00:00;57,56749821
2018-11-15 20:00:00;67,59599762
2018-11-15 21:00:00;66,62999878
2018-11-15 22:00:00;68,23249817
2018-11-15 23:00:00;65,7879982
2018-11-16 00:00:00;57,99999847
2018-11-16 01:00:00;54,62799911
2018-11-16 02:00:00;55,41749859
2018-11-16 03:00:00;57,03799973
2018-11-16 04:00:00;56,44199829
2018-11-16 05:00:00;45,1449995
2018-11-16 06:00:00;46,04399796
2018-11-16 07:00:00;31,14199944
2018-11-16 08:00:00;28,68199921
2018-11-16 09:00:00;26,17749929
2018-11-16 10:00:00;29,11199989
2018-11-16 11:00:00;29,75599976
2018-11-16 12:00:00;26,29499912
2018-11-16 13:00:00;25,86799965
2018-11-16 14:00:00;25,42599983
2018-11-16 15:00:00;29,09399948
2018-11-16 16:00:00;30,52499962
2018-11-16 17:00:00;33,86999969
2018-11-16 18:00:00;33,66199989
2018-11-16 19:00:00;34,40250015
2018-11-16 20:00:00;38,78399963
2018-11-16 21:00:00;62,32999878
2018-11-16 22:00:00;73,66999817
2018-11-16 23:00:00;74,8674984
2018-11-17 00:00:00;79,28599854
2018-11-17 01:00:00;68,62399979
2018-11-17 02:00:00;69,88999748
2018-11-17 03:00:00;69,58599701
2018-11-17 04:00:00;61,69199982
2018-11-17 05:00:00;50,32799835
2018-11-17 06:00:00;53,53249836
2018-11-17 07:00:00;48,40999832
2018-11-17 08:00:00;52,07200012
2018-11-17 09:00:00;54,41749859
2018-11-17 10:00:00;52,43199844
2018-11-17 11:00:00;51,37399902
2018-11-17 12:00:00;54,39999847
2018-11-17 13:00:00;53,92499924
2018-11-17 14:00:00;50,68999939
2018-11-17 15:00:00;38,67799835
2018-11-17 16:00:00;33,03749895
2018-11-17 17:00:00;32,22999992
2018-11-17 18:00:00;32,43399925
2018-11-17 19:00:00;34,6379982
2018-11-17 20:00:00;32,12499952
2018-11-17 21:00:00;37,89999847
2018-11-17 22:00:00;47,44199905
2018-11-17 23:00:00;36,59249878
2018-11-18 00:00:00;36,13000031
2018-11-18 01:00:00;41,07399902
2018-11-18 02:00:00;35,79999924
2018-11-18 03:00:00;28,44749928
2018-11-18 04:00:00;25,73999939
2018-11-18 05:00:00;19,16599922
2018-11-18 06:00:00;26,22249889
2018-11-18 07:00:00;39,57399979
2018-11-18 08:00:00;45,92599869
2018-11-18 09:00:00;49,29599838
2018-11-18 10:00:00;56,73999977
2018-11-18 11:00:00;59,66199875
2018-11-18 12:00:00;52,65599823
2018-11-18 13:00:00;50,36999893
2018-11-18 14:00:00;50,33599854
2018-11-18 15:00:00;52,53199921
2018-11-18 16:00:00;49,23199844
2018-11-18 17:00:00;51,28749847
2018-11-18 18:00:00;52,40399933
2018-11-18 19:00:00;49,21999817
2018-11-18 20:00:00;41,83499908
2018-11-18 21:00:00;30,28399925
2018-11-18 22:00:00;28,19799919
2018-11-18 23:00:00;24,72999954
2018-11-19 00:00:00;21,51249981
2018-11-19 01:00:00;20,43199959
2018-11-19 02:00:00;17,77199974
2018-11-19 03:00:00;15,37249923
2018-11-19 04:00:00;16,08749914
2018-11-19 05:00:00;17,48799934
2018-11-19 06:00:00;19,81800003
2018-11-19 07:00:00;22,56999922
2018-11-19 08:00:00;30,12799911
2018-11-19 09:00:00;30,20199928
2018-11-19 10:00:00;35,38499928
2018-11-19 11:00:00;54,25599747
2018-11-19 12:00:00;59,77799759
2018-11-19 13:00:00;71,43249893
2018-11-19 14:00:00;66,35749912
2018-11-19 15:00:00;58,65499878
2018-11-19 16:00:00;54,55399857
2018-11-19 17:00:00;52,06999893
2018-11-19 18:00:00;49,32999992
2018-11-19 19:00:00;53,40399857
2018-11-19 20:00:00;59,23999863
2018-11-19 21:00:00;55,78999863
2018-11-19 22:00:00;47,15749931
2018-11-19 23:00:00;43,83599854
2018-11-20 00:00:00;51,09199982
2018-11-20 01:00:00;52,24499893
2018-11-20 02:00:00;39,67399979
2018-11-20 03:00:00;31,84199905
2018-11-20 04:00:00;44,70499897
2018-11-20 05:00:00;45,20749855
2018-11-20 06:00:00;34,82199974
2018-11-20 07:00:00;44,87599945
2018-11-20 08:00:00;66,06749725
2018-11-20 09:00:00;84,48400116
2018-11-20 10:00:00;86,34599762
2018-11-20 11:00:00;84,54599762
2018-11-20 12:00:00;79,2349987
2018-11-20 13:00:00;83,51599884
2018-11-20 14:00:00;79,12799835
2018-11-20 15:00:00;70,20749855
2018-11-20 16:00:00;66,36199951
2018-11-20 17:00:00;55,22199936
2018-11-20 18:00:00;54,5719986
2018-11-20 19:00:00;51,29499817
2018-11-20 20:00:00;56,33199844
2018-11-20 21:00:00;60,81199875
2018-11-20 22:00:00;56,06999969
2018-11-20 23:00:00;53,00799866
2018-11-21 00:00:00;54,37599869
2018-11-21 01:00:00;45,51999893
2018-11-21 02:00:00;40,43499851
2018-11-21 03:00:00;38,18399887
2018-11-21 04:00:00;33,94399872
2018-11-21 05:00:00;38,03749943
2018-11-21 06:00:00;29,95199928
2018-11-21 07:00:00;28,72399902
2018-11-21 08:00:00;30,28600044
2018-11-21 09:00:00;25,90999937
2018-11-21 10:00:00;36,17999916
2018-11-21 11:00:00;33,71599922
2018-11-21 12:00:00;33,04749918
2018-11-21 13:00:00;46,18799973
2018-11-21 14:00:00;55,25199814
2018-11-21 15:00:00;79,79999847
2018-11-21 16:00:00;68,09499931
2018-11-21 17:00:00;50,59199905
2018-11-21 18:00:00;46,09399948
2018-11-21 19:00:00;50,90249825
2018-11-21 20:00:00;54,62999802
2018-11-21 21:00:00;60,42799759
2018-11-21 22:00:00;66,29399796
2018-11-21 23:00:00;69,07249641
2018-11-22 00:00:00;65,75999832
2018-11-22 01:00:00;56,73199921
2018-11-22 02:00:00;46,69499874
2018-11-22 03:00:00;30,97199898
2018-11-22 04:00:00;19,16799965
2018-11-22 05:00:00;15,90599957
2018-11-22 06:00:00;20,08999968
2018-11-22 07:00:00;27,32599983
2018-11-22 08:00:00;36,98399849
2018-11-22 09:00:00;39,67249823
2018-11-22 10:00:00;66,97799988
2018-11-22 11:00:00;89,71799698
2018-11-22 12:00:00;43,7519989
2018-11-22 13:00:00;35,41749859
2018-11-22 14:00:00;35,0519989
2018-11-22 15:00:00;33,25399857
2018-11-22 16:00:00;38,83749866
2018-11-22 17:00:00;41,38199997
2018-11-22 18:00:00;40,2859993
2018-11-22 19:00:00;46,50199966
2018-11-22 20:00:00;59,60749912
2018-11-22 21:00:00;68,3739975
2018-11-22 22:00:00;67,70799789
2018-11-22 23:00:00;67,07500076
2018-11-23 00:00:00;69,09199829
2018-11-23 01:00:00;72,57399902
2018-11-23 02:00:00;64,90999908
2018-11-23 03:00:00;51,71749878
2018-11-23 04:00:00;53,71599884
2018-11-23 05:00:00;54,98599854
2018-11-23 06:00:00;54,88499832
2018-11-23 07:00:00;52,81399918
2018-11-23 08:00:00;49,58199844
2018-11-23 09:00:00;46,55249882
2018-11-23 10:00:00;45,48799896
2018-11-23 11:00:00;43,72799835
2018-11-23 12:00:00;40,63599854
2018-11-23 13:00:00;43,8949995
2018-11-23 14:00:00;43,07999878
2018-11-23 15:00:00;38,40799942
2018-11-23 16:00:00;37,28999901
2018-11-23 17:00:00;35,76999893
2018-11-23 18:00:00;34,32799911
2018-11-23 19:00:00;33,95999908
2018-11-23 20:00:00;39,03999901
2018-11-23 21:00:00;53,95599899
2018-11-23 22:00:00;87,09199829
2018-11-23 23:00:00;104,1574974
2018-11-24 00:00:00;110,2339966
2018-11-24 01:00:00;106,8399979
2018-11-24 02:00:00;99,30399628
2018-11-24 03:00:00;88,77749634
2018-11-24 04:00:00;68,77999878
2018-11-24 05:00:00;61,46599808
2018-11-24 06:00:00;61,31749821
2018-11-24 07:00:00;51,73599854
2018-11-24 08:00:00;46,5179985
2018-11-24 09:00:00;39,76999893
2018-11-24 10:00:00;42,39749813
2018-11-24 11:00:00;38,01199951
2018-11-24 12:00:00;40,29999924
2018-11-24 13:00:00;38,06499958
2018-11-24 14:00:00;42,69399948
2018-11-24 15:00:00;42,84799805
2018-11-24 16:00:00;40,68999863
2018-11-24 17:00:00;41,68749905
2018-11-24 18:00:00;40,50799866
2018-11-24 19:00:00;41,33799973
2018-11-24 20:00:00;47,47749901
2018-11-24 21:00:00;57,20400009
2018-11-24 22:00:00;66,93599777
2018-11-24 23:00:00;69,6219986
2018-11-25 00:00:00;74,37249756
2018-11-25 01:00:00;66,24799957
2018-11-25 02:00:00;65,64399796
2018-11-25 03:00:00;73,82999992
2018-11-25 04:00:00;68,13999748
2018-11-25 05:00:00;72,47799988
2018-11-25 06:00:00;78,39199677
2018-11-25 07:00:00;68,70999781
2018-11-25 08:00:00;60,77749825
2018-11-25 09:00:00;56,67599945
2018-11-25 10:00:00;50,98199844
2018-11-25 11:00:00;45,32999992
2018-11-25 12:00:00;42,26799927
2018-11-25 13:00:00;40,74999847
2018-11-25 14:00:00;43,7179985
2018-11-25 15:00:00;41,07999992
2018-11-25 16:00:00;45,9019989
2018-11-25 17:00:00;48,46399841
2018-11-25 18:00:00;50,17249966
2018-11-25 19:00:00;49,59599838
2018-11-25 20:00:00;46,84599915
2018-11-25 21:00:00;43,1679985
2018-11-25 22:00:00;45,55999851
2018-11-25 23:00:00;45,85999832
2018-11-26 00:00:00;40,93999863
2018-11-26 01:00:00;37,26249981
2018-11-26 02:00:00;36,84199982
2018-11-26 03:00:00;27,54799957
2018-11-26 04:00:00;27,5019989
2018-11-26 05:00:00;27,02999926
2018-11-26 06:00:00;25,9239994
2018-11-26 07:00:00;26,99799957
2018-11-26 08:00:00;35,81999874
2018-11-26 09:00:00;42,47599945
2018-11-26 10:00:00;32,52599983
2018-11-26 11:00:00;31,61999893
2018-11-26 12:00:00;36,89749908
2018-11-26 13:00:00;35,82599945
2018-11-26 14:00:00;35,41199951
2018-11-26 15:00:00;33,23000002
2018-11-26 16:00:00;28,82199974
2018-11-26 17:00:00;26,41999969
2018-11-26 18:00:00;25,85199928
2018-11-26 19:00:00;23,7699995
2018-11-26 20:00:00;26,92799911
2018-11-26 21:00:00;34,97399902
2018-11-26 22:00:00;45,74749851
2018-11-26 23:00:00;50,42399979
2018-11-27 00:00:00;46,31599884
2018-11-27 01:00:00;45,03499889
2018-11-27 02:00:00;42,00799866
2018-11-27 03:00:00;38,0159996
2018-11-27 04:00:00;38,54199905
2018-11-27 05:00:00;43,62999916
2018-11-27 06:00:00;42,52999954
2018-11-27 07:00:00;39,71999893
2018-11-27 08:00:00;55,52499771
2018-11-27 09:00:00;57,9719986
2018-11-27 10:00:00;62,66999817
2018-11-27 11:00:00;63,46799774
2018-11-27 12:00:00;65,5549984
2018-11-27 13:00:00;65,82999878
2018-11-27 14:00:00;60,62199936
2018-11-27 15:00:00;45,65749836
2018-11-27 16:00:00;34,03999939
2018-11-27 17:00:00;27,4579998
2018-11-27 18:00:00;27,16799927
2018-11-27 19:00:00;27,38249922
2018-11-27 20:00:00;26,96799927
2018-11-27 21:00:00;37,80599823
2018-11-27 22:00:00;43,76749897
2018-11-27 23:00:00;42,67599945
2018-11-28 00:00:00;39,91499901
2018-11-28 01:00:00;41,11249828
2018-11-28 02:00:00;41,78999901
2018-11-28 03:00:00;35,87200012
2018-11-28 04:00:00;39,20749855
2018-11-28 05:00:00;41,10599976
2018-11-28 06:00:00;48,71999893
2018-11-28 07:00:00;56,72199783
2018-11-28 08:00:00;65,50999928
2018-11-28 09:00:00;67,89399872
2018-11-28 10:00:00;64,02799835
2018-11-28 11:00:00;73,51749897
2018-11-28 12:00:00;79,95
2018-11-28 13:00:00;56,12599869
2018-11-28 14:00:00;44,05599899
2018-11-28 15:00:00;24,96999931
2018-11-28 16:00:00;33,16599998
2018-11-28 17:00:00;39,54599915
2018-11-28 18:00:00;44,75249863
2018-11-28 19:00:00;55,02599945
2018-11-28 20:00:00;52,4379982
2018-11-28 21:00:00;42,57999954
2018-11-28 22:00:00;35,02999926
2018-11-28 23:00:00;30,22199936
2018-11-29 00:00:00;29,88399963
2018-11-29 01:00:00;27,86749935
2018-11-29 02:00:00;29,04399948
2018-11-29 03:00:00;23,96999969
2018-11-29 04:00:00;20,36599998
2018-11-29 05:00:00;17,94749928
2018-11-29 06:00:00;23,75799942
2018-11-29 07:00:00;43,76399841
2018-11-29 08:00:00;48,86499977
2018-11-29 09:00:00;55,02999954
2018-11-29 10:00:00;63,30599899
2018-11-29 11:00:00;62,51999817
2018-11-29 12:00:00;79,70749664
2018-11-29 13:00:00;103,0099976
2018-11-29 14:00:00;104,1679993
2018-11-29 15:00:00;100,3474979
2018-11-29 16:00:00;84,53600006
2018-11-29 17:00:00;75,97599945
2018-11-29 18:00:00;70,18599854
2018-11-29 19:00:00;71,85750008
2018-11-29 20:00:00;72,92999878
2018-11-29 21:00:00;57,61999817
2018-11-29 22:00:00;48,68249893
2018-11-29 23:00:00;39,72199936
2018-11-30 00:00:00;36,93399925
2018-11-30 01:00:00;40,90799866
2018-11-30 02:00:00;39,76999855
2018-11-30 03:00:00;38,84199829
2018-11-30 04:00:00;29,56999893
2018-11-30 05:00:00;25,36749935
2018-11-30 06:00:00;25,12399979
2018-11-30 07:00:00;27,38799896
2018-11-30 08:00:00;30,51499891
2018-11-30 09:00:00;31,9359993
2018-11-30 10:00:00;31,85999947
2018-11-30 11:00:00;33,9359993
2018-11-30 12:00:00;36,7774992
2018-11-30 13:00:00;38,90399857
2018-11-30 14:00:00;48,03399963
2018-11-30 15:00:00;55,80999851
2018-11-30 16:00:00;49,40799942
2018-11-30 17:00:00;57,74599838
2018-11-30 18:00:00;58,47599945
2018-11-30 19:00:00;58,09999847
2018-11-30 20:00:00;63,4179985
2018-11-30 21:00:00;70,41199799
2018-11-30 22:00:00;74,32499886
2018-11-30 23:00:00;86,93199921
2018-12-01 00:00:00;83,92999878
2018-12-01 01:00:00;87,5219986
2018-12-01 02:00:00;91,69499779
2018-12-01 03:00:00;85,33599854
2018-12-01 04:00:00;76,63599701
2018-12-01 05:00:00;62,33749866
2018-12-01 06:00:00;53,63399887
2018-12-01 07:00:00;54,85599899
2018-12-01 08:00:00;54,78199844
2018-12-01 09:00:00;59,85749817
2018-12-01 10:00:00;55,43999939
2018-12-01 11:00:00;61,27799911
2018-12-01 12:00:00;64,58249855
2018-12-01 13:00:00;62,20999756
2018-12-01 14:00:00;75,54199829
2018-12-01 15:00:00;74,18799744
2018-12-01 16:00:00;65,6724987
2018-12-01 17:00:00;63,90799866
2018-12-01 18:00:00;72,57799835
2018-12-01 19:00:00;86,21499825
2018-12-01 20:00:00;88,33399811
2018-12-01 21:00:00;88,99599762
2018-12-01 22:00:00;96,68399811
2018-12-01 23:00:00;91,71999931
2018-12-02 00:00:00;91,72999573
2018-12-02 01:00:00;87,65999756
2018-12-02 02:00:00;79,84999657
2018-12-02 03:00:00;61,72599792
2018-12-02 04:00:00;51,69999924
2018-12-02 05:00:00;42,62399902
2018-12-02 06:00:00;36,92749977
2018-12-02 07:00:00;43,31800003
2018-12-02 08:00:00;48,93999939
2018-12-02 09:00:00;46,52249813
2018-12-02 10:00:00;51,13399963
2018-12-02 11:00:00;57,29199829
2018-12-02 12:00:00;57,1519989
2018-12-02 13:00:00;67,48999786
2018-12-02 14:00:00;72,56799774
2018-12-02 15:00:00;79,04599915
2018-12-02 16:00:00;78,15499878
2018-12-02 17:00:00;73,18999939
2018-12-02 18:00:00;74,06199799
2018-12-02 19:00:00;76,45999756
2018-12-02 20:00:00;86,70999654
2018-12-02 21:00:00;89,87749672
2018-12-02 22:00:00;93,16199799
2018-12-02 23:00:00;94,54999847
2018-12-03 00:00:00;95,61249924
2018-12-03 01:00:00;97,17799835
2018-12-03 02:00:00;95,56399841
2018-12-03 03:00:00;98,1875
2018-12-03 04:00:00;94,27749825
2018-12-03 05:00:00;92,49199829
2018-12-03 06:00:00;88,62799683
2018-12-03 07:00:00;87,2749958
2018-12-03 08:00:00;93,75799866
2018-12-03 09:00:00;91,59999847
2018-12-03 10:00:00;85,02799683
2018-12-03 11:00:00;82,19499779
2018-12-03 12:00:00;78,3519989
2018-12-03 13:00:00;84,59799652
2018-12-03 14:00:00;79,60499763
2018-12-03 15:00:00;70,9019989
2018-12-03 16:00:00;69,32599792
2018-12-03 17:00:00;62,78999786
2018-12-03 18:00:00;64,11749935
2018-12-03 19:00:00;62,13999939
2018-12-03 20:00:00;61,8679985
2018-12-03 21:00:00;65,35749912
2018-12-03 22:00:00;86,18199921
2018-12-03 23:00:00;100,0099976
2018-12-04 00:00:00;102,8339981
2018-12-04 01:00:00;96,31999969
2018-12-04 02:00:00;87,28799744
2018-12-04 03:00:00;83,83999939
2018-12-04 04:00:00;86,40250015
2018-12-04 05:00:00;80,77199707
2018-12-04 06:00:00;76,35599823
2018-12-04 07:00:00;77,83999786
2018-12-04 08:00:00;72,87249756
2018-12-04 09:00:00;71,52999878
2018-12-04 10:00:00;75,53199768
2018-12-04 11:00:00;72,51249695
2018-12-04 12:00:00;72,69999695
2018-12-04 13:00:00;72,86399689
2018-12-04 14:00:00;68,92399902
2018-12-04 15:00:00;69,33249855
2018-12-04 16:00:00;72,53999786
2018-12-04 17:00:00;70,70999908
2018-12-04 18:00:00;74,7974968
2018-12-04 19:00:00;79,99999847
2018-12-04 20:00:00;87,25999908
2018-12-04 21:00:00;91,50599976
2018-12-04 22:00:00;89,11249924
2018-12-04 23:00:00;85,97999725
2018-12-05 00:00:00;84,18399963
2018-12-05 01:00:00;83,26749992
2018-12-05 02:00:00;77,33799896
2018-12-05 03:00:00;65,97799835
2018-12-05 04:00:00;60,22399826
2018-12-05 05:00:00;62,23999786
2018-12-05 06:00:00;61,84599838
2018-12-05 07:00:00;61,36999817
2018-12-05 08:00:00;60,58499813
2018-12-05 09:00:00;64,27199936
2018-12-05 10:00:00;63,88199844
2018-12-05 11:00:00;66,59999924
2018-12-05 12:00:00;78,03249741
2018-12-05 13:00:00;73,5239975
2018-12-05 14:00:00;80,00999908
2018-12-05 15:00:00;78,80500031
2018-12-05 16:00:00;74,76599884
2018-12-05 17:00:00;77,11999664
2018-12-05 18:00:00;80,62199707
2018-12-05 19:00:00;72,875
2018-12-05 20:00:00;76,86199799
2018-12-05 21:00:00;81,79999695
2018-12-05 22:00:00;75,1724987
2018-12-05 23:00:00;69,39999847
2018-12-06 00:00:00;65,52599869
2018-12-06 01:00:00;65,43199844
2018-12-06 02:00:00;61,27499866
2018-12-06 03:00:00;51,36999817
2018-12-06 04:00:00;48,25799942
2018-12-06 05:00:00;48,45249748
2018-12-06 06:00:00;42,03199921
2018-12-06 07:00:00;43,67599945
2018-12-06 08:00:00;48,51599884
2018-12-06 09:00:00;43,58249855
2018-12-06 10:00:00;38,19399872
2018-12-06 11:00:00;32,79199905
2018-12-06 12:00:00;34,20750046
2018-12-06 13:00:00;31,76799889
2018-12-06 14:00:00;28,25199928
2018-12-06 15:00:00;27,3159996
2018-12-06 16:00:00;28,27499962
2018-12-06 17:00:00;29,20199928
2018-12-06 18:00:00;28,22199936
2018-12-06 19:00:00;26,44499969
2018-12-06 20:00:00;26,02199936
2018-12-06 21:00:00;33,06999969
2018-12-06 22:00:00;38,08399887
2018-12-06 23:00:00;41,59749889
2018-12-07 00:00:00;46,85399857
2018-12-07 01:00:00;43,95999908
2018-12-07 02:00:00;34,22499847
2018-12-07 03:00:00;28,24999924
2018-12-07 04:00:00;22,43499947
2018-12-07 05:00:00;20,89749956
2018-12-07 06:00:00;19,09599953
2018-12-07 07:00:00;34,02599907
2018-12-07 08:00:00;39,47999954
2018-12-07 09:00:00;46,32499886
2018-12-07 10:00:00;40,62599869
2018-12-07 11:00:00;38,67399826
2018-12-07 12:00:00;48,3599987
2018-12-07 13:00:00;58,62399826
2018-12-07 14:00:00;49,26399918
2018-12-07 15:00:00;42,39799881
2018-12-07 16:00:00;35,8324995
2018-12-07 17:00:00;32,93999939
2018-12-07 18:00:00;30,88599892
2018-12-07 19:00:00;30,28999901
2018-12-07 20:00:00;30,03399925
2018-12-07 21:00:00;35,78999939
2018-12-07 22:00:00;50,18399887
2018-12-07 23:00:00;53,25999832
2018-12-08 00:00:00;58,52799835
2018-12-08 01:00:00;50,3379982
2018-12-08 02:00:00;40,24999905
2018-12-08 03:00:00;37,04000015
2018-12-08 04:00:00;31,40199928
2018-12-08 05:00:00;30,16599884
2018-12-08 06:00:00;30,44499969
2018-12-08 07:00:00;37,94799881
2018-12-08 08:00:00;49,20799866
2018-12-08 09:00:00;56,67499924
2018-12-08 10:00:00;60,2719986
2018-12-08 11:00:00;63,31599884
2018-12-08 12:00:00;63,79799881
2018-12-08 13:00:00;63,34999847
2018-12-08 14:00:00;73,92999878
2018-12-08 15:00:00;88,63799896
2018-12-08 16:00:00;88,43249893
2018-12-08 17:00:00;91,72799835
2018-12-08 18:00:00;94,61799774
2018-12-08 19:00:00;91,60199738
2018-12-08 20:00:00;95,26249886
2018-12-08 21:00:00;96,69799805
2018-12-08 22:00:00;86,5739975
2018-12-08 23:00:00;78,44499779
2018-12-09 00:00:00;70,17999878
2018-12-09 01:00:00;63,25799866
2018-12-09 02:00:00;54,48399963
2018-12-09 03:00:00;47,18499851
2018-12-09 04:00:00;49,06749821
2018-12-09 05:00:00;56,7219986
2018-12-09 06:00:00;61,01499748
2018-12-09 07:00:00;59,51399918
2018-12-09 08:00:00;68,08399734
2018-12-09 09:00:00;63,81199722
2018-12-09 10:00:00;64,98999977
2018-12-09 11:00:00;65,95999832
2018-12-09 12:00:00;63,78399734
2018-12-09 13:00:00;67,58749866
2018-12-09 14:00:00;84,22599792
2018-12-09 15:00:00;86,68399811
2018-12-09 16:00:00;79,6724968
2018-12-09 17:00:00;74,90799713
2018-12-09 18:00:00;82,18599701
2018-12-09 19:00:00;77,30799866
2018-12-09 20:00:00;62,37499809
2018-12-09 21:00:00;63,76600037
2018-12-09 22:00:00;55,23999939
2018-12-09 23:00:00;54,96999931
2018-12-10 00:00:00;48,75999985
2018-12-10 01:00:00;44,07999802
2018-12-10 02:00:00;41,86399918
2018-12-10 03:00:00;37,11250019
2018-12-10 04:00:00;30,8279995
2018-12-10 05:00:00;25,84599953
2018-12-10 06:00:00;27,21249962
2018-12-10 07:00:00;28,22199936
2018-12-10 08:00:00;31,03799934
2018-12-10 09:00:00;32,53399925
2018-12-10 10:00:00;31,4399991
2018-12-10 11:00:00;69,56199837
2018-12-10 12:00:00;101,2959961
2018-12-10 13:00:00;64,99499989
2018-12-10 14:00:00;93,69999847
2018-12-10 15:00:00;59,11799927
2018-12-10 16:00:00;60,83799744
2018-12-10 17:00:00;58,68999863
2018-12-10 18:00:00;60,51199951
2018-12-10 19:00:00;64,21599808
2018-12-10 20:00:00;65,90999985
2018-12-10 21:00:00;74,44999847
2018-12-10 22:00:00;85,85599823
2018-12-10 23:00:00;88,98199921
2018-12-11 00:00:00;82,74999809
2018-12-11 01:00:00;91,99199829
2018-12-11 02:00:00;90,61199799
2018-12-11 03:00:00;92,51749802
2018-12-11 04:00:00;80,90999908
2018-12-11 05:00:00;72,66999969
2018-12-11 06:00:00;67,22499847
2018-12-11 07:00:00;70,70799866
2018-12-11 08:00:00;63,22599869
2018-12-11 09:00:00;56,64199905
2018-12-11 10:00:00;52,0274992
2018-12-11 11:00:00;55,4359993
2018-12-11 12:00:00;52,14199905
2018-12-11 13:00:00;50,28499794
2018-12-11 14:00:00;36,77599945
2018-12-11 15:00:00;34,00999908
2018-12-11 16:00:00;32,75599823
2018-12-11 17:00:00;32,40249968
2018-12-11 18:00:00;35,76199875
2018-12-11 19:00:00;34,39999924
2018-12-11 20:00:00;34,07249928
2018-12-11 21:00:00;38,33800049
2018-12-11 22:00:00;40,66799927
2018-12-11 23:00:00;37,6340004
2018-12-12 00:00:00;47,25749874
2018-12-12 01:00:00;48,13399887
2018-12-12 02:00:00;42,19399872
2018-12-12 03:00:00;31,88249874
2018-12-12 04:00:00;28,64799957
2018-12-12 05:00:00;40,19799843
2018-12-12 06:00:00;43,05
2018-12-12 07:00:00;38,16250038
2018-12-12 08:00:00;38,14399948
2018-12-12 09:00:00;38,3859993
2018-12-12 10:00:00;42,63499928
2018-12-12 11:00:00;58,74999847
2018-12-12 12:00:00;80,20399857
2018-12-12 13:00:00;55,19599915
2018-12-12 14:00:00;57,07749939
2018-12-12 15:00:00;44,90399857
2018-12-12 16:00:00;36,61599884
2018-12-12 17:00:00;36,03999901
2018-12-12 18:00:00;37,79199905
2018-12-12 19:00:00;39,39199905
2018-12-12 20:00:00;43,95599899
2018-12-12 21:00:00;51,18499851
2018-12-12 22:00:00;59,13599854
2018-12-12 23:00:00;70,64399872
2018-12-13 00:00:00;81,03499794
2018-12-13 01:00:00;81,74599762
2018-12-13 02:00:00;78,4719986
2018-12-13 03:00:00;73,14799652
2018-12-13 04:00:00;64,44999981
2018-12-13 05:00:00;65,43999939
2018-12-13 06:00:00;63,45800018
2018-12-13 07:00:00;60,92499924
2018-12-13 08:00:00;56,19799805
2018-12-13 09:00:00;54,54199829
2018-12-13 10:00:00;45,77199936
2018-12-13 11:00:00;47,66249847
2018-12-13 12:00:00;45,71799927
2018-12-13 13:00:00;40,02249908
2018-12-13 14:00:00;39,06999969
2018-12-13 15:00:00;38,00249958
2018-12-13 16:00:00;37,37599945
2018-12-13 17:00:00;37,42199936
2018-12-13 18:00:00;41,07799911
2018-12-13 19:00:00;42,10999775
2018-12-13 20:00:00;42,37399979
2018-12-13 21:00:00;43,56999817
2018-12-13 22:00:00;54,14499855
2018-12-13 23:00:00;63,38799896
2018-12-14 00:00:00;72,75799713
2018-12-14 01:00:00;74,01399841
2018-12-14 02:00:00;68,23249817
2018-12-14 03:00:00;68,29199829
2018-12-14 04:00:00;73,61399689
2018-12-14 05:00:00;71,39249992
2018-12-14 06:00:00;61,58199921
2018-12-14 07:00:00;58,01599884
2018-12-14 08:00:00;53,38799896
2018-12-14 09:00:00;45,53499889
2018-12-14 10:00:00;41,8179985
2018-12-14 11:00:00;41,97999878
2018-12-14 12:00:00;37,45249939
2018-12-14 13:00:00;36,35
2018-12-14 14:00:00;33,72799988
2018-12-14 15:00:00;34,17399902
2018-12-14 16:00:00;31,49249935
2018-12-14 17:00:00;29,98999863
2018-12-14 18:00:00;27,71799927
2018-12-14 19:00:00;27,95499945
2018-12-14 20:00:00;25,30399933
2018-12-14 21:00:00;26,59999924
2018-12-14 22:00:00;29,08999901
2018-12-14 23:00:00;32,89249992
2018-12-15 00:00:00;33,1939991
2018-12-15 01:00:00;35,77799911
2018-12-15 02:00:00;29,07749939
2018-12-15 03:00:00;23,38999939
2018-12-15 04:00:00;24,03399925
2018-12-15 05:00:00;24,54599953
2018-12-15 06:00:00;23,01499987
2018-12-15 07:00:00;22,14599953
2018-12-15 08:00:00;25,61999931
2018-12-15 09:00:00;27,06749964
2018-12-15 10:00:00;23,36999969
2018-12-15 11:00:00;24,32749939
2018-12-15 12:00:00;23,8739994
2018-12-15 13:00:00;24,12499905
2018-12-15 14:00:00;24,65199928
2018-12-15 15:00:00;21,55999947
2018-12-15 16:00:00;20,17000008
2018-12-15 17:00:00;18,58999977
2018-12-15 18:00:00;17,25399971
2018-12-15 19:00:00;19,81799965
2018-12-15 20:00:00;19,25999975
2018-12-15 21:00:00;26,62199936
2018-12-15 22:00:00;25,21199951
2018-12-15 23:00:00;23,99249983
2018-12-16 00:00:00;24,66999931
2018-12-16 01:00:00;25,84399948
2018-12-16 02:00:00;22,46199951
2018-12-16 03:00:00;19,17499971
2018-12-16 04:00:00;18,9779995
2018-12-16 05:00:00;19,08399963
2018-12-16 06:00:00;20,36249971
2018-12-16 07:00:00;41,41999893
2018-12-16 08:00:00;63,67599869
2018-12-16 09:00:00;74,14199829
2018-12-16 10:00:00;74,44999886
2018-12-16 11:00:00;72,06199799
2018-12-16 12:00:00;72,63399811
2018-12-16 13:00:00;75,19999886
2018-12-16 14:00:00;71,5379982
2018-12-16 15:00:00;58,5219986
2018-12-16 16:00:00;54,4719986
2018-12-16 17:00:00;47,57749939
2018-12-16 18:00:00;41,67199936
2018-12-16 19:00:00;37,5719986
2018-12-16 20:00:00;34,89749908
2018-12-16 21:00:00;39,3359993
2018-12-16 22:00:00;45,70799942
2018-12-16 23:00:00;40,46199875
2018-12-17 00:00:00;44,46749973
2018-12-17 01:00:00;43,20400009
2018-12-17 02:00:00;38,2219986
2018-12-17 03:00:00;34,52999973
2018-12-17 04:00:00;26,16999969
2018-12-17 05:00:00;21,96599922
2018-12-17 06:00:00;22,17199974
2018-12-17 07:00:00;34,48999834
2018-12-17 08:00:00;57,95800018
2018-12-17 09:00:00;57,47399826
2018-12-17 10:00:00;46,75500011
2018-12-17 11:00:00;40,30999908
2018-12-17 12:00:00;40,52999954
2018-12-17 13:00:00;43,60999908
2018-12-17 14:00:00;43,61666616
2018-12-17 15:00:00;41,15399857
2018-12-17 16:00:00;35,5519989
2018-12-17 17:00:00;30,62999964
2018-12-17 18:00:00;30,0859993
2018-12-17 19:00:00;27,01999931
2018-12-17 20:00:00;28,45599937
2018-12-17 21:00:00;28,87999868
2018-12-17 22:00:00;33,40599937
2018-12-17 23:00:00;35,79399948
2018-12-18 00:00:00;36,42749882
2018-12-18 01:00:00;39,16399918
2018-12-18 02:00:00;37,51399918
2018-12-18 03:00:00;34,18999939
2018-12-18 04:00:00;32,80249929
2018-12-18 05:00:00;33,42399979
2018-12-18 06:00:00;25,70599937
2018-12-18 07:00:00;31,63499928
2018-12-18 08:00:00;44,52999878
2018-12-18 09:00:00;47,42399826
2018-12-18 10:00:00;58,09999847
2018-12-18 11:00:00;57,69249916
2018-12-18 12:00:00;57,11199875
2018-12-18 13:00:00;60,21999893
2018-12-18 14:00:00;60,89749908
2018-12-18 15:00:00;60,46799927
2018-12-18 16:00:00;54,41399994
2018-12-18 17:00:00;53,41399918
2018-12-18 18:00:00;49,70999908
2018-12-18 19:00:00;54,73399887
2018-12-18 20:00:00;55,79599838
2018-12-18 21:00:00;48,29499912
2018-12-18 22:00:00;43,49199905
2018-12-18 23:00:00;42,33199921
2018-12-19 00:00:00;40,75399857
2018-12-19 01:00:00;39,96249866
2018-12-19 02:00:00;35,71199875
2018-12-19 03:00:00;31,50200005
2018-12-19 04:00:00;29,72999907
2018-12-19 05:00:00;27,12199936
2018-12-19 06:00:00;29,30599937
2018-12-19 07:00:00;41,73599854
2018-12-19 08:00:00;62,56749821
2018-12-19 09:00:00;60,72799759
2018-12-19 10:00:00;57,99599915
2018-12-19 11:00:00;57,0749979
2018-12-19 12:00:00;72,40799713
2018-12-19 13:00:00;77,66399841
2018-12-19 14:00:00;97,86399841
2018-12-19 15:00:00;105,5924988
2018-12-19 16:00:00;94,81399841
2018-12-19 17:00:00;92,76399689
2018-12-19 18:00:00;91,17499733
2018-12-19 19:00:00;88,28999634
2018-12-19 20:00:00;92,69999847
2018-12-19 21:00:00;82,11750031
2018-12-19 22:00:00;71,33749962
2018-12-19 23:00:00;69,19999847
2018-12-20 00:00:00;68,67799835
2018-12-20 01:00:00;64,02999783
2018-12-20 02:00:00;57,05199814
2018-12-20 03:00:00;51,59199905
2018-12-20 04:00:00;44,23249912
2018-12-20 05:00:00;40,16399918
2018-12-20 06:00:00;37,91399918
2018-12-20 07:00:00;37,60799942
2018-12-20 08:00:00;50,11750031
2018-12-20 09:00:00;52,87199936
2018-12-20 10:00:00;47,86599884
2018-12-20 11:00:00;50,25749969
2018-12-20 12:00:00;46,44799881
2018-12-20 13:00:00;46,00599899
2018-12-20 14:00:00;53,41799927
2018-12-20 15:00:00;52,37749863
2018-12-20 16:00:00;55,64599838
2018-12-20 17:00:00;56,63999786
2018-12-20 18:00:00;62,99999809
2018-12-20 19:00:00;66,76799774
2018-12-20 20:00:00;80,96599731
2018-12-20 21:00:00;97,23599701
2018-12-20 22:00:00;101,0074997
2018-12-20 23:00:00;93,15199738
2018-12-21 00:00:00;97,9059967
2018-12-21 01:00:00;97,11999702
2018-12-21 02:00:00;81,72399902
2018-12-21 03:00:00;78,89199982
2018-12-21 04:00:00;67,82599869
2018-12-21 05:00:00;56,60249901
2018-12-21 06:00:00;53,90799942
2018-12-21 07:00:00;50,68399811
2018-12-21 08:00:00;51,12499905
2018-12-21 09:00:00;46,24399872
2018-12-21 10:00:00;46,5219986
2018-12-21 11:00:00;48,52999954
2018-12-21 12:00:00;47,39749908
2018-12-21 13:00:00;46,31799927
2018-12-21 14:00:00;45,85199814
2018-12-21 15:00:00;46,74749851
2018-12-21 16:00:00;48,36199875
2018-12-21 17:00:00;54,3019989
2018-12-21 18:00:00;57,09999924
2018-12-21 19:00:00;59,31249905
2018-12-21 20:00:00;61,35799866
2018-12-21 21:00:00;73,24199829
2018-12-21 22:00:00;81,50499725
2018-12-21 23:00:00;83,87599792
2018-12-22 00:00:00;83,43399963
2018-12-22 01:00:00;77,33999939
2018-12-22 02:00:00;68,28749847
2018-12-22 03:00:00;59,80599823
2018-12-22 04:00:00;47,76749897
2018-12-22 05:00:00;39,58999825
2018-12-22 06:00:00;37,89199905
2018-12-22 07:00:00;51,39199829
2018-12-22 08:00:00;58,3019989
2018-12-22 09:00:00;60,6449995
2018-12-22 10:00:00;54,82399902
2018-12-22 11:00:00;53,80399933
2018-12-22 12:00:00;55,03749943
2018-12-22 13:00:00;50,40799866
2018-12-22 14:00:00;48,12399902
2018-12-22 15:00:00;44,67599945
2018-12-22 16:00:00;44,61499882
2018-12-22 17:00:00;45,84799881
2018-12-22 18:00:00;44,46999893
2018-12-22 19:00:00;46,02499771
2018-12-22 20:00:00;44,37999954
2018-12-22 21:00:00;58,49599915
2018-12-22 22:00:00;71,13199921
2018-12-22 23:00:00;61,49749756
2018-12-23 00:00:00;58,18799896
2018-12-23 01:00:00;57,39999771
2018-12-23 02:00:00;51,35249901
2018-12-23 03:00:00;54,5679985
2018-12-23 04:00:00;53,69999847
2018-12-23 05:00:00;48,80799866
2018-12-23 06:00:00;47,81749916
2018-12-23 07:00:00;44,39599838
2018-12-23 08:00:00;41,0879982
2018-12-23 09:00:00;37,94749928
2018-12-23 10:00:00;30,40600014
2018-12-23 11:00:00;27,12199936
2018-12-23 12:00:00;27,2079998
2018-12-23 13:00:00;30,96999979
2018-12-23 14:00:00;39,19399948
2018-12-23 15:00:00;48,41199875
2018-12-23 16:00:00;45,00749969
2018-12-23 17:00:00;49,62399826
2018-12-23 18:00:00;48,11399918
2018-12-23 19:00:00;45,38799896
2018-12-23 20:00:00;54,72499847
2018-12-23 21:00:00;53,75799942
2018-12-23 22:00:00;57,22599945
2018-12-23 23:00:00;60,49499798
2018-12-24 00:00:00;57,85399933
2018-12-24 01:00:00;50,85599899
2018-12-24 02:00:00;41,54599915
2018-12-24 03:00:00;34,06249905
2018-12-24 04:00:00;33,79599876
2018-12-24 05:00:00;39,21199951
2018-12-24 06:00:00;34,94749832
2018-12-24 07:00:00;32,33999901
2018-12-24 08:00:00;28,04399948
2018-12-24 09:00:00;28,79599876
2018-12-24 10:00:00;27,88749933
2018-12-24 11:00:00;29,71399879
2018-12-24 12:00:00;29,32599907
2018-12-24 13:00:00;30,19999886
2018-12-24 14:00:00;39,76199875
2018-12-24 15:00:00;42,74399872
2018-12-24 16:00:00;46,47200012
2018-12-24 17:00:00;42,86250019
2018-12-24 18:00:00;52,01199875
2018-12-24 19:00:00;55,88599854
2018-12-24 20:00:00;56,43999863
2018-12-24 21:00:00;49,94999847
2018-12-24 22:00:00;41,86999893
2018-12-24 23:00:00;37,19799957
2018-12-25 00:00:00;33,6449995
2018-12-25 01:00:00;28,36999931
2018-12-25 02:00:00;20,98199921
2018-12-25 03:00:00;15,50499964
2018-12-25 04:00:00;12,89599972
2018-12-25 05:00:00;12,22999954
2018-12-25 06:00:00;15,71199989
2018-12-25 07:00:00;18,47749996
2018-12-25 08:00:00;20,9359993
2018-12-25 09:00:00;24,54799957
2018-12-25 10:00:00;23,24999952
2018-12-25 11:00:00;24,90399971
2018-12-25 12:00:00;26,12999954
2018-12-25 13:00:00;25,52399902
2018-12-25 14:00:00;32,2699995
2018-12-25 15:00:00;37,1719986
2018-12-25 16:00:00;39,32799911
2018-12-25 17:00:00;43,91999912
2018-12-25 18:00:00;43,64399948
2018-12-25 19:00:00;43,98999863
2018-12-25 20:00:00;44,62799911
2018-12-25 21:00:00;41,14499855
2018-12-25 22:00:00;38,54599991
2018-12-25 23:00:00;38,06999969
2018-12-26 00:00:00;35,9649992
2018-12-26 01:00:00;32,0420002
2018-12-26 02:00:00;30,22199936
2018-12-26 03:00:00;25,45999947
2018-12-26 04:00:00;22,46249962
2018-12-26 05:00:00;21,64999924
2018-12-26 06:00:00;21,43999939
2018-12-26 07:00:00;35,15999889
2018-12-26 08:00:00;56,68999863
2018-12-26 09:00:00;58,38999939
2018-12-26 10:00:00;61,01799698
2018-12-26 11:00:00;64,27249718
2018-12-26 12:00:00;67,99799805
2018-12-26 13:00:00;71,43999786
2018-12-26 14:00:00;66,23499775
2018-12-26 15:00:00;60,90199814
2018-12-26 16:00:00;51,83199921
2018-12-26 17:00:00;46,10499954
2018-12-26 18:00:00;42,07399979
2018-12-26 19:00:00;36,87399902
2018-12-26 20:00:00;34,50599899
2018-12-26 21:00:00;34,09249973
2018-12-26 22:00:00;37,34799881
2018-12-26 23:00:00;42,64599838
2018-12-27 00:00:00;46,76499844
2018-12-27 01:00:00;42,11599884
2018-12-27 02:00:00;31,94199867
2018-12-27 03:00:00;23,56199951
2018-12-27 04:00:00;18,66999944
2018-12-27 05:00:00;17,34599953
2018-12-27 06:00:00;20,84199944
2018-12-27 07:00:00;31,53499937
2018-12-27 08:00:00;53,31999893
2018-12-27 09:00:00;64,84999847
2018-12-27 10:00:00;64,63999939
2018-12-27 11:00:00;72,08999825
2018-12-27 12:00:00;73,90799866
2018-12-27 13:00:00;72,22599945
2018-12-27 14:00:00;67,49249935
2018-12-27 15:00:00;58,33999863
2018-12-27 16:00:00;47,48199921
2018-12-27 17:00:00;40,34799957
2018-12-27 18:00:00;39,6449995
2018-12-27 19:00:00;43,14599915
2018-12-27 20:00:00;45,68599854
2018-12-27 21:00:00;52,93499947
2018-12-27 22:00:00;63,37599869
2018-12-27 23:00:00;66,68199844
2018-12-28 00:00:00;63,94799881
2018-12-28 01:00:00;55,82999897
2018-12-28 02:00:00;44,2719986
2018-12-28 03:00:00;40,41999969
2018-12-28 04:00:00;33,2750001
2018-12-28 05:00:00;41,41399841
2018-12-28 06:00:00;32,95799942
2018-12-28 07:00:00;44,30799942
2018-12-28 08:00:00;50,40499973
2018-12-28 09:00:00;52,62399902
2018-12-28 10:00:00;56,59999847
2018-12-28 11:00:00;60,21249771
2018-12-28 12:00:00;65,92199936
2018-12-28 13:00:00;68,40599823
2018-12-28 14:00:00;73,69599915
2018-12-28 15:00:00;77,02249718
2018-12-28 16:00:00;72,5219986
2018-12-28 17:00:00;71,6239975
2018-12-28 18:00:00;76,10499763
2018-12-28 19:00:00;74,5059967
2018-12-28 20:00:00;70,0019989
2018-12-28 21:00:00;61,27799911
2018-12-28 22:00:00;53,35749912
2018-12-28 23:00:00;48,66999893
2018-12-29 00:00:00;45,80199814
2018-12-29 01:00:00;43,27999783
2018-12-29 02:00:00;37,62199936
2018-12-29 03:00:00;32,23799973
2018-12-29 04:00:00;27,43399925
2018-12-29 05:00:00;24,86499929
2018-12-29 06:00:00;23,50799904
2018-12-29 07:00:00;29,99199905
2018-12-29 08:00:00;46,29249859
2018-12-29 09:00:00;56,90999832
2018-12-29 10:00:00;61,04599838
2018-12-29 11:00:00;64,8159996
2018-12-29 12:00:00;69,1649971
2018-12-29 13:00:00;65,94799881
2018-12-29 14:00:00;82,43399658
2018-12-29 15:00:00;77,57499886
2018-12-29 16:00:00;72,32799988
2018-12-29 17:00:00;64,22399979
2018-12-29 18:00:00;68,67999878
2018-12-29 19:00:00;65,40999889
2018-12-29 20:00:00;65,49999771
2018-12-29 21:00:00;77,95799713
2018-12-29 22:00:00;85,07499695
2018-12-29 23:00:00;79,10599823
2018-12-30 00:00:00;66,44000015
2018-12-30 01:00:00;60,29799805
2018-12-30 02:00:00;47,34999943
2018-12-30 03:00:00;42,90400009
2018-12-30 04:00:00;50,49599915
2018-12-30 05:00:00;51,36749935
2018-12-30 06:00:00;44,21999893
2018-12-30 07:00:00;34,63999939
2018-12-30 08:00:00;35,1599987
2018-12-30 09:00:00;30,92499924
2018-12-30 10:00:00;31,42999954
2018-12-30 11:00:00;30,08999901
2018-12-30 12:00:00;30,55749941
2018-12-30 13:00:00;28,79399948
2018-12-30 14:00:00;31,66199837
2018-12-30 15:00:00;44,99799805
2018-12-30 16:00:00;50,88499928
2018-12-30 17:00:00;50,87199936
2018-12-30 18:00:00;58,21199799
2018-12-30 19:00:00;62,77249813
2018-12-30 20:00:00;64,77600021
2018-12-30 21:00:00;73,24199829
2018-12-30 22:00:00;76,92999878
2018-12-30 23:00:00;78,16999626
2018-12-31 00:00:00;83,12399902
2018-12-31 01:00:00;82,18599701
2018-12-31 02:00:00;75,95499802
2018-12-31 03:00:00;62,6859993
2018-12-31 04:00:00;53,14399872
2018-12-31 05:00:00;46,77999878
2018-12-31 06:00:00;48,53999901
2018-12-31 07:00:00;58,86399918
2018-12-31 08:00:00;54,21599884
2018-12-31 09:00:00;53,85499763
2018-12-31 10:00:00;50,72999878
2018-12-31 11:00:00;48,06799927
2018-12-31 12:00:00;48,45599976
2018-12-31 13:00:00;55,10249901
2018-12-31 14:00:00;67,56599808
2018-12-31 15:00:00;80,28999786
2018-12-31 16:00:00;82,50249863
2018-12-31 17:00:00;85,11799927
2018-12-31 18:00:00;85,75599976
2018-12-31 19:00:00;81,51799774
2018-12-31 20:00:00;81,09999657
2018-12-31 21:00:00;83,92399902
2018-12-31 22:00:00;90,3039978
2018-12-31 23:00:00;89,37749672
2019-01-01 00:00:00;86,98999634
2019-01-01 01:00:00;85,79599915
2019-01-01 02:00:00;81,88999634
2019-01-01 03:00:00;76,46749687
2019-01-01 04:00:00;65,74999771
2019-01-01 05:00:00;57,69999847
2019-01-01 06:00:00;53,43499947
2019-01-01 07:00:00;51,59999924
2019-01-01 08:00:00;47,46799927
2019-01-01 09:00:00;45,04199905
2019-01-01 10:00:00;44,56750011
2019-01-01 11:00:00;46,2359993
2019-01-01 12:00:00;44,75999832
2019-01-01 13:00:00;48,68249798
2019-01-01 14:00:00;47,79399872
2019-01-01 15:00:00;47,37399902
2019-01-01 16:00:00;44,9859993
2019-01-01 17:00:00;41,97999859
2019-01-01 18:00:00;42,50800018
2019-01-01 19:00:00;40,91399841
2019-01-01 20:00:00;39,3049984
2019-01-01 21:00:00;47,01799927
2019-01-01 22:00:00;49,52599869
2019-01-01 23:00:00;51,83999863
2019-01-02 00:00:00;50,68249798
2019-01-02 01:00:00;48,04399872
2019-01-02 02:00:00;43,75399933
2019-01-02 03:00:00;38,85750008
2019-01-02 04:00:00;36,05799866
2019-01-02 05:00:00;42,94999924
2019-01-02 06:00:00;42,12999954
2019-01-02 07:00:00;40,42499924
2019-01-02 08:00:00;40,06399841
2019-01-02 09:00:00;38,76399918
2019-01-02 10:00:00;37,97499943
2019-01-02 11:00:00;37,41333262
2019-01-02 12:00:00;37,62599869
2019-01-02 13:00:00;34,04199982
2019-01-02 14:00:00;35,11799927
2019-01-02 15:00:00;37,1524992
2019-01-02 16:00:00;35,75799866
2019-01-02 17:00:00;40,42999878
2019-01-02 18:00:00;42,64499855
2019-01-02 19:00:00;45,19999924
2019-01-02 20:00:00;48,98999863
2019-01-02 21:00:00;49,91399994
2019-01-02 22:00:00;64,84499931
2019-01-02 23:00:00;69,71199951
2019-01-03 00:00:00;72,4519989
2019-01-03 01:00:00;73,39249802
2019-01-03 02:00:00;65,1679985
2019-01-03 03:00:00;65,32200012
2019-01-03 04:00:00;58,22199936
2019-01-03 05:00:00;58,74499798
2019-01-03 06:00:00;58,91199875
2019-01-03 07:00:00;60,01199799
2019-01-03 08:00:00;63,62749958
2019-01-03 09:00:00;63,69999924
2019-01-03 10:00:00;73,63799744
2019-01-03 11:00:00;67,59999847
2019-01-03 12:00:00;63,60499859
2019-01-03 13:00:00;62,05999832
2019-01-03 14:00:00;57,53199844
2019-01-03 15:00:00;59,1174984
2019-01-03 16:00:00;57,58999825
2019-01-03 17:00:00;51,76249886
2019-01-03 18:00:00;50,07999878
2019-01-03 19:00:00;49,1019989
2019-01-03 20:00:00;43,30749893
2019-01-03 21:00:00;38,43199921
2019-01-03 22:00:00;31,80599899
2019-01-03 23:00:00;30,68199959
2019-01-04 00:00:00;32,70749998
2019-01-04 01:00:00;36,94399948
2019-01-04 02:00:00;33,02399902
2019-01-04 03:00:00;27,63999939
2019-01-04 04:00:00;23,10399971
2019-01-04 05:00:00;24,32499981
2019-01-04 06:00:00;20,5579998
2019-01-04 07:00:00;22,76199989
2019-01-04 08:00:00;33,3599987
2019-01-04 09:00:00;43,94599915
2019-01-04 10:00:00;44,08199844
2019-01-04 11:00:00;46,32749844
2019-01-04 12:00:00;43,60599823
2019-01-04 13:00:00;42,78199921
2019-01-04 14:00:00;41,55599899
2019-01-04 15:00:00;42,65249825
2019-01-04 16:00:00;39,24199905
2019-01-04 17:00:00;38,89399872
2019-01-04 18:00:00;40,68999958
2019-01-04 19:00:00;45,2719986
2019-01-04 20:00:00;47,83799896
2019-01-04 21:00:00;47,12799911
2019-01-04 22:00:00;48,80249882
2019-01-04 23:00:00;45,86399841
2019-01-05 00:00:00;43,90599899
2019-01-05 01:00:00;41,31000042
2019-01-05 02:00:00;34,56599922
2019-01-05 03:00:00;27,34599953
2019-01-05 04:00:00;23,35999947
2019-01-05 05:00:00;24,10999918
2019-01-05 06:00:00;23,79199944
2019-01-05 07:00:00;31,15599937
2019-01-05 08:00:00;41,76999893
2019-01-05 09:00:00;45,52499866
2019-01-05 10:00:00;48,71999893
2019-01-05 11:00:00;51,87999878
2019-01-05 12:00:00;51,11999893
2019-01-05 13:00:00;55,01599808
2019-01-05 14:00:00;64,87199783
2019-01-05 15:00:00;66,04499817
2019-01-05 16:00:00;63,58199844
2019-01-05 17:00:00;64,7166659
2019-01-05 18:00:00;61,41333135
2019-01-05 19:00:00;60,78199844
2019-01-05 20:00:00;63,06199799
2019-01-05 21:00:00;56,36499882
2019-01-05 22:00:00;53,97399826
2019-01-05 23:00:00;52,6519989
2019-01-06 00:00:00;49,49599915
2019-01-06 01:00:00;48,50999928
2019-01-06 02:00:00;42,3359993
2019-01-06 03:00:00;35,91800003
2019-01-06 04:00:00;32,31250048
2019-01-06 05:00:00;35,44799957
2019-01-06 06:00:00;28,59599953
2019-01-06 07:00:00;35,61399918
2019-01-06 08:00:00;43,72499943
2019-01-06 09:00:00;47,1719986
2019-01-06 10:00:00;51,89399872
2019-01-06 11:00:00;52,36999798
2019-01-06 12:00:00;59,98799896
2019-01-06 13:00:00;60,4679985
2019-01-06 14:00:00;56,25199814
2019-01-06 15:00:00;47,48999977
2019-01-06 16:00:00;45,46599884
2019-01-06 17:00:00;40,91799927
2019-01-06 18:00:00;39,00749969
2019-01-06 19:00:00;38,59599838
2019-01-06 20:00:00;40,77999954
2019-01-06 21:00:00;47,17799835
2019-01-06 22:00:00;55,82749939
2019-01-06 23:00:00;53,75799942
2019-01-07 00:00:00;55,72999954
2019-01-07 01:00:00;48,01249981
2019-01-07 02:00:00;45,58999939
2019-01-07 03:00:00;35,7719986
2019-01-07 04:00:00;32,44599915
2019-01-07 05:00:00;29,10249901
2019-01-07 06:00:00;33,24599915
2019-01-07 07:00:00;47,76999817
2019-01-07 08:00:00;53,74749851
2019-01-07 09:00:00;59,69799881
2019-01-07 10:00:00;56,95599976
2019-01-07 11:00:00;58,87799759
2019-01-07 12:00:00;55,68499947
2019-01-07 13:00:00;50,32599869
2019-01-07 14:00:00;61,12599869
2019-01-07 15:00:00;62,65249729
2019-01-07 16:00:00;64,48799973
2019-01-07 17:00:00;61,33599777
2019-01-07 18:00:00;64,7099968
2019-01-07 19:00:00;65,46749973
2019-01-07 20:00:00;65,77599716
2019-01-07 21:00:00;61,20199814
2019-01-07 22:00:00;56,28499889
2019-01-07 23:00:00;50,83399963
2019-01-08 00:00:00;47,81999969
2019-01-08 01:00:00;47,73599854
2019-01-08 02:00:00;44,32249737
2019-01-08 03:00:00;39,08399887
2019-01-08 04:00:00;32,18399887
2019-01-08 05:00:00;27,53499937
2019-01-08 06:00:00;32,21799927
2019-01-08 07:00:00;47,76399918
2019-01-08 08:00:00;49,74799881
2019-01-08 09:00:00;50,1374979
2019-01-08 10:00:00;48,91399841
2019-01-08 11:00:00;52,28999786
2019-01-08 12:00:00;54,76749897
2019-01-08 13:00:00;60,45799942
2019-01-08 14:00:00;79,50199738
2019-01-08 15:00:00;79,63199921
2019-01-08 16:00:00;77,04999924
2019-01-08 17:00:00;73,4739975
2019-01-08 18:00:00;74,57799835
2019-01-08 19:00:00;73,34249878
2019-01-08 20:00:00;66,42399902
2019-01-08 21:00:00;68,65400085
2019-01-08 22:00:00;67,09999847
2019-01-08 23:00:00;62,82499886
2019-01-09 00:00:00;66,62000046
2019-01-09 01:00:00;66,80999908
2019-01-09 02:00:00;60,45249844
2019-01-09 03:00:00;65,22999802
2019-01-09 04:00:00;54,59999847
2019-01-09 05:00:00;56,2219986
2019-01-09 06:00:00;52,10999807
2019-01-09 07:00:00;49,43999958
2019-01-09 08:00:00;48,04799957
2019-01-09 09:00:00;50,52999878
2019-01-09 10:00:00;58,68999958
2019-01-09 11:00:00;56,05999908
2019-01-09 12:00:00;55,02599869
2019-01-09 13:00:00;52,37799911
2019-01-09 14:00:00;63,71999741
2019-01-09 15:00:00;66,90799942
2019-01-09 16:00:00;60,61199799
2019-01-09 17:00:00;52,47249889
2019-01-09 18:00:00;55,32799835
2019-01-09 19:00:00;52,91199875
2019-01-09 20:00:00;58,3179985
2019-01-09 21:00:00;62,67249775
2019-01-09 22:00:00;65,10999908
2019-01-09 23:00:00;66,48599854
2019-01-10 00:00:00;68,95749855
2019-01-10 01:00:00;68,41999817
2019-01-10 02:00:00;60,6719986
2019-01-10 03:00:00;52,01399841
2019-01-10 04:00:00;46,67749977
2019-01-10 05:00:00;43,13799896
2019-01-10 06:00:00;42,5159996
2019-01-10 07:00:00;52,01249981
2019-01-10 08:00:00;58,99399872
2019-01-10 09:00:00;54,28199921
2019-01-10 10:00:00;49,82599945
2019-01-10 11:00:00;42,11749935
2019-01-10 12:00:00;41,60199966
2019-01-10 13:00:00;39,78599854
2019-01-10 14:00:00;53,71999931
2019-01-10 15:00:00;73,43599854
2019-01-10 16:00:00;83,65599823
2019-01-10 17:00:00;84,26799927
2019-01-10 18:00:00;79,88249779
2019-01-10 19:00:00;81,0739975
2019-01-10 20:00:00;77,40599823
2019-01-10 21:00:00;79,09249878
2019-01-10 22:00:00;76,44599762
2019-01-10 23:00:00;68,71599884
2019-01-11 00:00:00;69,68399811
2019-01-11 01:00:00;64,8674984
2019-01-11 02:00:00;55,85599976
2019-01-11 03:00:00;50,72999878
2019-01-11 04:00:00;40,2349987
2019-01-11 05:00:00;33,97999916
2019-01-11 06:00:00;32,68199959
2019-01-11 07:00:00;43,03399963
2019-01-11 08:00:00;55,85249805
2019-01-11 09:00:00;64,29199905
2019-01-11 10:00:00;64,96599884
2019-01-11 11:00:00;67,86249828
2019-01-11 12:00:00;60,78999939
2019-01-11 13:00:00;70,90599823
2019-01-11 14:00:00;63,80599899
2019-01-11 15:00:00;61,56499767
2019-01-11 16:00:00;58,1179985
2019-01-11 17:00:00;56,65599899
2019-01-11 18:00:00;58,52749825
2019-01-11 19:00:00;52,81999817
2019-01-11 20:00:00;55,15999908
2019-01-11 21:00:00;72,17666626
2019-01-11 22:00:00;85,18999786
2019-01-11 23:00:00;105,7624989
2019-01-12 00:00:00;119,0819977
2019-01-12 01:00:00;112,1919968
2019-01-12 02:00:00;98,91599731
2019-01-12 03:00:00;104,7524967
2019-01-12 04:00:00;98,94199677
2019-01-12 05:00:00;90,21599731
2019-01-12 06:00:00;80,47499847
2019-01-12 07:00:00;75,73799744
2019-01-12 08:00:00;69,65200043
2019-01-12 09:00:00;71,40200043
2019-01-12 10:00:00;62,90249729
2019-01-12 11:00:00;62,65399857
2019-01-12 12:00:00;64,46999893
2019-01-12 13:00:00;62,89999962
2019-01-12 14:00:00;54,59399872
2019-01-12 15:00:00;49,07999878
2019-01-12 16:00:00;46,05399857
2019-01-12 17:00:00;44,17999935
2019-01-12 18:00:00;44,28999863
2019-01-12 19:00:00;51,6859993
2019-01-12 20:00:00;52,12249947
2019-01-12 21:00:00;58,57799911
2019-01-12 22:00:00;75,81799774
2019-01-12 23:00:00;82,97199707
2019-01-13 00:00:00;86,65249634
2019-01-13 01:00:00;97,39999847
2019-01-13 02:00:00;92,01599579
2019-01-13 03:00:00;82,47249794
2019-01-13 04:00:00;85,47599792
2019-01-13 05:00:00;75,2539978
2019-01-13 06:00:00;80,58399811
2019-01-13 07:00:00;83,18499756
2019-01-13 08:00:00;80,45799866
2019-01-13 09:00:00;74,85199585
2019-01-13 10:00:00;72,11249542
2019-01-13 11:00:00;75,82799835
2019-01-13 12:00:00;78,01799774
2019-01-13 13:00:00;72,94199829
2019-01-13 14:00:00;70,90499878
2019-01-13 15:00:00;74,82599792
2019-01-13 16:00:00;79,17599792
2019-01-13 17:00:00;78,55749702
2019-01-13 18:00:00;75,48199768
2019-01-13 19:00:00;74,13199768
2019-01-13 20:00:00;74,85799866
2019-01-13 21:00:00;74,70666504
2019-01-13 22:00:00;71,32749748
2019-01-13 23:00:00;70,94199982
2019-01-14 00:00:00;67,3719986
2019-01-14 01:00:00;67,95249939
2019-01-14 02:00:00;63,12399902
2019-01-14 03:00:00;52,67999878
2019-01-14 04:00:00;48,06199951
2019-01-14 05:00:00;46,88749886
2019-01-14 06:00:00;45,76999817
2019-01-14 07:00:00;53,90399857
2019-01-14 08:00:00;95,03249931
2019-01-14 09:00:00;67,56599884
2019-01-14 10:00:00;64,58999939
2019-01-14 11:00:00;65,84599762
2019-01-14 12:00:00;73,46249771
2019-01-14 13:00:00;68,02599792
2019-01-14 14:00:00;64,04999695
2019-01-14 15:00:00;63,31499958
2019-01-14 16:00:00;60,74999847
2019-01-14 17:00:00;55,90799866
2019-01-14 18:00:00;55,17799835
2019-01-14 19:00:00;53,75749874
2019-01-14 20:00:00;50,56199799
2019-01-14 21:00:00;54,80399933
2019-01-14 22:00:00;55,2974987
2019-01-14 23:00:00;53,56399918
2019-01-15 00:00:00;51,24799957
2019-01-15 01:00:00;46,79199905
2019-01-15 02:00:00;41,32249928
2019-01-15 03:00:00;35,77999878
2019-01-15 04:00:00;31,30199928
2019-01-15 05:00:00;28,29999924
2019-01-15 06:00:00;29,27199936
2019-01-15 07:00:00;43,44199829
2019-01-15 08:00:00;96,76999664
2019-01-15 09:00:00;67,9574995
2019-01-15 10:00:00;77,49799881
2019-01-15 11:00:00;48,71999893
2019-01-15 12:00:00;43,84749985
2019-01-15 13:00:00;41,34399796
2019-01-15 14:00:00;45,26199875
2019-01-15 15:00:00;53,74799881
2019-01-15 16:00:00;60,28249931
2019-01-15 17:00:00;59,46799774
2019-01-15 18:00:00;56,97999802
2019-01-15 19:00:00;58,96249866
2019-01-15 20:00:00;64,45799789
2019-01-15 21:00:00;65,91199951
2019-01-15 22:00:00;61,2019989
2019-01-15 23:00:00;57,33499908
2019-01-16 00:00:00;58,20999908
2019-01-16 01:00:00;59,5719986
2019-01-16 02:00:00;55,27999878
2019-01-16 03:00:00;50,1519989
2019-01-16 04:00:00;45,26399918
2019-01-16 05:00:00;42,10599899
2019-01-16 06:00:00;39,82249928
2019-01-16 07:00:00;54,68399811
2019-01-16 08:00:00;63,42799911
2019-01-16 09:00:00;56,28499794
2019-01-16 10:00:00;46,86399841
2019-01-16 11:00:00;42,68799973
2019-01-16 12:00:00;40,78600006
2019-01-16 13:00:00;40,79999924
2019-01-16 14:00:00;44,89199905
2019-01-16 15:00:00;42,47199936
2019-01-16 16:00:00;39,84499931
2019-01-16 17:00:00;37,02799911
2019-01-16 18:00:00;34,12599945
2019-01-16 19:00:00;31,37399979
2019-01-16 20:00:00;30,65749931
2019-01-16 21:00:00;33,92199936
2019-01-16 22:00:00;38,05
2019-01-16 23:00:00;40,10749912
2019-01-17 00:00:00;44,08399963
2019-01-17 01:00:00;48,51399918
2019-01-17 02:00:00;44,54199905
2019-01-17 03:00:00;37,16749859
2019-01-17 04:00:00;26,88599968
2019-01-17 05:00:00;22,59599953
2019-01-17 06:00:00;23,9574995
2019-01-17 07:00:00;60,46500111
2019-01-17 08:00:00;51,90999908
2019-01-17 09:00:00;59,38399887
2019-01-17 10:00:00;65,00499916
2019-01-17 11:00:00;72,77399902
2019-01-17 12:00:00;90,71399994
2019-01-17 13:00:00;76,31499863
2019-01-17 14:00:00;85,19599609
2019-01-17 15:00:00;83,27799835
2019-01-17 16:00:00;68,54199829
2019-01-17 17:00:00;62,27499771
2019-01-17 18:00:00;61,64399872
2019-01-17 19:00:00;58,47999878
2019-01-17 20:00:00;57,37999916
2019-01-17 21:00:00;58,7019989
2019-01-17 22:00:00;54,03199844
2019-01-17 23:00:00;59,63199921
2019-01-18 00:00:00;58,71999836
2019-01-18 01:00:00;54,98199844
2019-01-18 02:00:00;45,9166654
2019-01-18 03:00:00;37,75999908
2019-01-18 04:00:00;33,02749968
2019-01-18 05:00:00;30,86599922
2019-01-18 06:00:00;32,28799934
2019-01-18 07:00:00;46,52599792
2019-01-18 08:00:00;56,81749821
2019-01-18 09:00:00;62,17799988
2019-01-18 10:00:00;60,8679985
2019-01-18 11:00:00;63,43249798
2019-01-18 12:00:00;130,7
2019-01-18 13:00:00;72,17799835
2019-01-18 14:00:00;72,98199768
2019-01-18 15:00:00;83,77749825
2019-01-18 16:00:00;77,21599884
2019-01-18 17:00:00;74,13199921
2019-01-18 18:00:00;72,68499756
2019-01-18 19:00:00;75,34199829
2019-01-18 20:00:00;72,54399719
2019-01-18 21:00:00;65,15199814
2019-01-18 22:00:00;62,17499828
2019-01-18 23:00:00;58,33199844
2019-01-19 00:00:00;57,20999832
2019-01-19 01:00:00;53,60499859
2019-01-19 02:00:00;50,09999847
2019-01-19 03:00:00;45,3719986
2019-01-19 04:00:00;39,1099987
2019-01-19 05:00:00;35,49999905
2019-01-19 06:00:00;32,83599892
2019-01-19 07:00:00;38,76799965
2019-01-19 08:00:00;45,53249931
2019-01-19 09:00:00;41,07399979
2019-01-19 10:00:00;37,84599838
2019-01-19 11:00:00;38,13399887
2019-01-19 12:00:00;34,44999933
2019-01-19 13:00:00;38,25799942
2019-01-19 14:00:00;54,72799835
2019-01-19 15:00:00;64,18499947
2019-01-19 16:00:00;64,9599968
2019-01-19 17:00:00;64,51399994
2019-01-19 18:00:00;55,10599823
2019-01-19 19:00:00;52,51999855
2019-01-19 20:00:00;47,18999939
2019-01-19 21:00:00;54,35399933
2019-01-19 22:00:00;56,90499973
2019-01-19 23:00:00;57,76999893
2019-01-20 00:00:00;56,79599838
2019-01-20 01:00:00;54,70749855
2019-01-20 02:00:00;44,12599869
2019-01-20 03:00:00;34,17399864
2019-01-20 04:00:00;29,56999969
2019-01-20 05:00:00;34,86666616
2019-01-20 06:00:00;34,92399902
2019-01-20 07:00:00;37,78599854
2019-01-20 08:00:00;32,04999924
2019-01-20 09:00:00;32,53199959
2019-01-20 10:00:00;31,64799957
2019-01-20 11:00:00;28,2239994
2019-01-20 12:00:00;27,94499922
2019-01-20 13:00:00;27,88199959
2019-01-20 14:00:00;32,43399925
2019-01-20 15:00:00;49,7149992
2019-01-20 16:00:00;57,43399887
2019-01-20 17:00:00;61,70799942
2019-01-20 18:00:00;62,98599854
2019-01-20 19:00:00;65,5474987
2019-01-20 20:00:00;69,15799713
2019-01-20 21:00:00;82,71999664
2019-01-20 22:00:00;82,71249771
2019-01-20 23:00:00;80,12999725
2019-01-21 00:00:00;76,86999817
2019-01-21 01:00:00;79,53399811
2019-01-21 02:00:00;73,88750076
2019-01-21 03:00:00;67,95999603
2019-01-21 04:00:00;51,12599869
2019-01-21 05:00:00;40,94499969
2019-01-21 06:00:00;39,99799957
2019-01-21 07:00:00;49,68199768
2019-01-21 08:00:00;48,98999939
2019-01-21 09:00:00;47,61999893
2019-01-21 10:00:00;45,12399902
2019-01-21 12:00:00;50,12999916
2019-01-21 13:00:00;49,43799896
2019-01-21 14:00:00;50,48199921
2019-01-21 15:00:00;48,8949995
2019-01-21 16:00:00;47,17399902
2019-01-21 17:00:00;42,75399857
2019-01-21 18:00:00;39,73799896
2019-01-21 19:00:00;44,15333303
2019-01-21 20:00:00;45,68249893
2019-01-21 21:00:00;58,57399902
2019-01-21 22:00:00;69,55599823
2019-01-21 23:00:00;83,52249718
2019-01-22 00:00:00;93,56599731
2019-01-22 01:00:00;102,7199982
2019-01-22 02:00:00;86,81599884
2019-01-22 03:00:00;77,23249817
2019-01-22 04:00:00;66,20599823
2019-01-22 05:00:00;68,3159996
2019-01-22 06:00:00;67,06999874
2019-01-22 07:00:00;50,3219986
2019-01-22 08:00:00;48,97399902
2019-01-22 09:00:00;52,79599915
2019-01-22 10:00:00;48,09749889
2019-01-22 11:00:00;46,4719986
2019-01-22 12:00:00;88,86399841
2019-01-22 13:00:00;52,30249882
2019-01-22 14:00:00;35,64799957
2019-01-22 15:00:00;34,50799942
2019-01-22 16:00:00;27,89599953
2019-01-22 17:00:00;27,25
2019-01-22 18:00:00;26,54199944
2019-01-22 19:00:00;29,22599945
2019-01-22 20:00:00;27,80499935
2019-01-22 21:00:00;35,05399857
2019-01-22 22:00:00;57,30999908
2019-01-22 23:00:00;69,92999878
2019-01-23 00:00:00;78,16999817
2019-01-23 01:00:00;67,27799835
2019-01-23 02:00:00;51,80799942
2019-01-23 03:00:00;55,17249966
2019-01-23 04:00:00;58,20999756
2019-01-23 05:00:00;76,96599884
2019-01-23 06:00:00;88,68799744
2019-01-23 07:00:00;78,34999847
2019-01-23 08:00:00;62,77799835
2019-01-23 09:00:00;58,81199951
2019-01-23 10:00:00;58,40999794
2019-01-23 11:00:00;50,54399872
2019-01-23 12:00:00;44,7519989
2019-01-23 13:00:00;44,87599869
2019-01-23 14:00:00;50,60333125
2019-01-23 15:00:00;54,54749966
2019-01-23 16:00:00;58,02599869
2019-01-23 17:00:00;56,72799835
2019-01-23 18:00:00;57,87599792
2019-01-23 19:00:00;56,14249897
2019-01-23 20:00:00;54,19799805
2019-01-23 21:00:00;51,17399902
2019-01-23 22:00:00;45,87666575
2019-01-23 23:00:00;46,85249996
2019-01-24 00:00:00;42,83999825
2019-01-24 01:00:00;41,66249943
2019-01-24 02:00:00;38,10499954
2019-01-24 03:00:00;33,6939991
2019-01-24 04:00:00;32,33199921
2019-01-24 05:00:00;35,91599922
2019-01-24 06:00:00;32,67999983
2019-01-24 07:00:00;30,35599937
2019-01-24 08:00:00;28,75399971
2019-01-24 09:00:00;31,35999966
2019-01-24 10:00:00;29,8239994
2019-01-24 11:00:00;29,11799927
2019-01-24 12:00:00;28,13199921
2019-01-24 13:00:00;27,50999928
2019-01-24 14:00:00;27,80799942
2019-01-24 15:00:00;36,97599869
2019-01-24 16:00:00;41,56499958
2019-01-24 17:00:00;43,30599899
2019-01-24 18:00:00;42,70399857
2019-01-24 19:00:00;42,86199875
2019-01-24 20:00:00;44,38499928
2019-01-24 21:00:00;41,83199997
2019-01-24 22:00:00;40,1719986
2019-01-24 23:00:00;37,61249924
2019-01-25 00:00:00;38,94199905
2019-01-25 01:00:00;36,79000015
2019-01-25 02:00:00;35,71399994
2019-01-25 03:00:00;31,8574996
2019-01-25 04:00:00;31,70599976
2019-01-25 05:00:00;30,79199905
2019-01-25 06:00:00;31,0199995
2019-01-25 07:00:00;33,10799942
2019-01-25 08:00:00;32,98199997
2019-01-25 09:00:00;35,37999878
2019-01-25 10:00:00;34,17999935
2019-01-25 11:00:00;31,32199936
2019-01-25 12:00:00;35,48999939
2019-01-25 13:00:00;44,71499825
2019-01-25 14:00:00;41,5679985
2019-01-25 15:00:00;35,58399963
2019-01-25 16:00:00;33,54599953
2019-01-25 17:00:00;29,9574995
2019-01-25 18:00:00;30,99599953
2019-01-25 19:00:00;28,58999939
2019-01-25 20:00:00;28,00249958
2019-01-25 21:00:00;29,73399925
2019-01-25 22:00:00;36,04599838
2019-01-25 23:00:00;37,33199921
2019-01-26 00:00:00;36,25499916
2019-01-26 01:00:00;33,69399948
2019-01-26 02:00:00;31,86399879
2019-01-26 03:00:00;25,23500013
2019-01-26 04:00:00;24,92599945
2019-01-26 05:00:00;32,79999962
2019-01-26 06:00:00;33,3939991
2019-01-26 07:00:00;40,74749851
2019-01-26 08:00:00;48,59999924
2019-01-26 09:00:00;58,36599884
2019-01-26 10:00:00;59,4224987
2019-01-26 11:00:00;57,79399872
2019-01-26 12:00:00;65,27799988
2019-01-26 13:00:00;64,79599838
2019-01-26 14:00:00;60,39249897
2019-01-26 15:00:00;53,84999847
2019-01-26 16:00:00;48,09199829
2019-01-26 17:00:00;42,30999851
2019-01-26 18:00:00;39,44999924
2019-01-26 19:00:00;38,03399887
2019-01-26 20:00:00;38,2219986
2019-01-26 21:00:00;43,05749893
2019-01-26 22:00:00;51,45599899
2019-01-26 23:00:00;52,77199936
2019-01-27 00:00:00;51,10499954
2019-01-27 01:00:00;52,4179985
2019-01-27 02:00:00;46,75799942
2019-01-27 03:00:00;39,47599869
2019-01-27 04:00:00;33,52249861
2019-01-27 05:00:00;45,07999929
2019-01-27 06:00:00;45,31199875
2019-01-27 07:00:00;45,28199844
2019-01-27 08:00:00;60,3674984
2019-01-27 09:00:00;71,99199829
2019-01-27 10:00:00;68,36999817
2019-01-27 11:00:00;71,54399872
2019-01-27 12:00:00;75,42749786
2019-01-27 13:00:00;86,87399902
2019-01-27 14:00:00;101,3839981
2019-01-27 15:00:00;102,8524971
2019-01-27 16:00:00;97,6539978
2019-01-27 17:00:00;91,26799622
2019-01-27 18:00:00;90,42599945
2019-01-27 19:00:00;100,7724953
2019-01-27 20:00:00;103,7074966
2019-01-27 21:00:00;91,79249954
2019-01-27 22:00:00;84,25249863
2019-01-27 23:00:00;76,04999695
2019-01-28 00:00:00;69,19999847
2019-01-28 01:00:00;62,52249813
2019-01-28 02:00:00;59,37999954
2019-01-28 03:00:00;50,13199844
2019-01-28 04:00:00;44,05599976
2019-01-28 05:00:00;44,27999878
2019-01-28 06:00:00;42,08600006
2019-01-28 07:00:00;51,25799942
2019-01-28 08:00:00;89,08249855
2019-01-28 09:00:00;75,54399872
2019-01-28 10:00:00;64,37199783
2019-01-28 11:00:00;66,9039978
2019-01-28 12:00:00;64,15750027
2019-01-28 13:00:00;63,8179985
2019-01-28 14:00:00;81,9739975
2019-01-28 15:00:00;88,60749817
2019-01-28 16:00:00;82,11599884
2019-01-28 17:00:00;76,93399811
2019-01-28 18:00:00;72,28000031
2019-01-28 19:00:00;65,82749844
2019-01-28 20:00:00;70,97799988
2019-01-28 21:00:00;74,76799774
2019-01-28 22:00:00;79,71199799
2019-01-28 23:00:00;72,29249763
2019-01-29 00:00:00;66,30999756
2019-01-29 01:00:00;66,07399902
2019-01-29 02:00:00;57,10499954
2019-01-29 03:00:00;48,07799835
2019-01-29 04:00:00;45,42799911
2019-01-29 05:00:00;53,40999908
2019-01-29 06:00:00;58,66249943
2019-01-29 07:00:00;111,359996
2019-01-29 08:00:00;68,5099968
2019-01-29 09:00:00;65,3599987
2019-01-29 10:00:00;64,21999741
2019-01-29 11:00:00;74,51199722
2019-01-29 12:00:00;79,8219986
2019-01-29 13:00:00;78,26249886
2019-01-29 14:00:00;74,93999786
2019-01-29 15:00:00;75,95999756
2019-01-29 16:00:00;86,42499733
2019-01-29 17:00:00;75,83799896
2019-01-29 18:00:00;82,25599823
2019-01-29 19:00:00;85,29999847
2019-01-29 20:00:00;79,85499763
2019-01-29 21:00:00;98,19799652
2019-01-29 22:00:00;102,1659973
2019-01-29 23:00:00;101,0749969
2019-01-30 00:00:00;95,20799866
2019-01-30 01:00:00;90,91199799
2019-01-30 02:00:00;91,86999893
2019-01-30 03:00:00;89,67200012
2019-01-30 04:00:00;77,4719986
2019-01-30 05:00:00;67,0739975
2019-01-30 06:00:00;75,19249916
2019-01-30 07:00:00;88,1039978
2019-01-30 08:00:00;86,30399628
2019-01-30 09:00:00;75,12249756
2019-01-30 10:00:00;71,79599915
2019-01-30 11:00:00;79,40799866
2019-01-30 12:00:00;86,12999725
2019-01-30 13:00:00;78,28249931
2019-01-30 14:00:00;66,07200012
2019-01-30 15:00:00;66,56399841
2019-01-30 16:00:00;64,92749786
2019-01-30 17:00:00;55,06999893
2019-01-30 18:00:00;49,66599808
2019-01-30 19:00:00;55,20799866
2019-01-30 20:00:00;64,79249954
2019-01-30 21:00:00;82,59399872
2019-01-30 22:00:00;88,58199615
2019-01-30 23:00:00;84,79999733
2019-01-31 00:00:00;79,84999695
2019-01-31 01:00:00;74,74799805
2019-01-31 02:00:00;59,95
2019-01-31 03:00:00;48,03499889
2019-01-31 04:00:00;43,80399933
2019-01-31 05:00:00;42,50599823
2019-01-31 06:00:00;50,09499836
2019-01-31 07:00:00;50,01399918
2019-01-31 08:00:00;45,89799881
2019-01-31 09:00:00;47,79799881
2019-01-31 10:00:00;53,10749912
2019-01-31 11:00:00;56,77599869
2019-01-31 12:00:00;49,21800003
2019-01-31 13:00:00;63,33666484
2019-01-31 14:00:00;55,16399994
2019-01-31 15:00:00;48,58499813
2019-01-31 16:00:00;44,13199921
2019-01-31 17:00:00;39,80399857
2019-01-31 18:00:00;41,07499886
2019-01-31 19:00:00;42,73799973
2019-01-31 20:00:00;40,35999908
2019-01-31 21:00:00;44,82999954
2019-01-31 22:00:00;57,96749878
2019-01-31 23:00:00;70,18799591
2019-02-01 00:00:00;88,86199799
2019-02-01 01:00:00;83,27999878
2019-02-01 02:00:00;77,67999878
2019-02-01 03:00:00;63,7859993
2019-02-01 04:00:00;51,9179985
2019-02-01 05:00:00;47,88999939
2019-02-01 06:00:00;43,32999878
2019-02-01 07:00:00;39,01999817
2019-02-01 08:00:00;40,62249947
2019-02-01 09:00:00;47,10599823
2019-02-01 10:00:00;49,68999863
2019-02-01 11:00:00;41,01199951
2019-02-01 12:00:00;40,09500027
2019-02-01 13:00:00;37,48799896
2019-02-01 14:00:00;39,14599838
2019-02-01 15:00:00;34,63500023
2019-02-01 16:00:00;34,22199936
2019-02-01 17:00:00;33,69999924
2019-02-01 18:00:00;33,31399841
2019-02-01 19:00:00;35,70499897
2019-02-01 20:00:00;42,32799988
2019-02-01 21:00:00;57,44999771
2019-02-01 22:00:00;83,68249702
2019-02-01 23:00:00;93,52499771
2019-02-02 00:00:00;92,26749611
2019-02-02 01:00:00;88,58999786
2019-02-02 02:00:00;91,03599701
2019-02-02 03:00:00;92,73999786
2019-02-02 04:00:00;75,59749603
2019-02-02 05:00:00;69,09799728
2019-02-02 06:00:00;64,51749897
2019-02-02 07:00:00;67,69399872
2019-02-02 08:00:00;64,2719986
2019-02-02 09:00:00;55,62199936
2019-02-02 10:00:00;49,41249943
2019-02-02 11:00:00;43,91999893
2019-02-02 12:00:00;41,54599915
2019-02-02 13:00:00;37,73250008
2019-02-02 14:00:00;34,20399857
2019-02-02 15:00:00;31,64199944
2019-02-02 16:00:00;33,79599915
2019-02-02 17:00:00;29,85499954
2019-02-02 18:00:00;31,32999916
2019-02-02 19:00:00;31,46599922
2019-02-02 20:00:00;30,15749884
2019-02-02 21:00:00;30,59599915
2019-02-02 22:00:00;30,89999962
2019-02-02 23:00:00;28,26999931
2019-02-03 00:00:00;29,11999941
2019-02-03 01:00:00;25,6239994
2019-02-03 02:00:00;25,99399948
2019-02-03 03:00:00;25,9574995
2019-02-03 04:00:00;28,87399979
2019-02-03 05:00:00;29,19799919
2019-02-03 06:00:00;28,33599968
2019-02-03 07:00:00;28,7149992
2019-02-03 08:00:00;32,03999977
2019-02-03 09:00:00;31,32999992
2019-02-03 10:00:00;28,63749933
2019-02-03 11:00:00;29,5239994
2019-02-03 12:00:00;29,23199959
2019-02-03 13:00:00;28,3739994
2019-02-03 14:00:00;29,79749918
2019-02-03 15:00:00;34,2019989
2019-02-03 16:00:00;36,66799927
2019-02-03 17:00:00;33,00999928
2019-02-03 18:00:00;32,34799995
2019-02-03 19:00:00;30,16799927
2019-02-03 20:00:00;29,98399887
2019-02-03 21:00:00;31,34499979
2019-02-03 22:00:00;31,97600021
2019-02-03 23:00:00;32,72799988
2019-02-04 00:00:00;34,37749958
2019-02-04 01:00:00;32,90999908
2019-02-04 02:00:00;30,33599968
2019-02-04 03:00:00;28,5859993
2019-02-04 04:00:00;25,40749931
2019-02-04 05:00:00;26,25799942
2019-02-04 06:00:00;28,23399925
2019-02-04 07:00:00;33,24749994
2019-02-04 08:00:00;46,6299998
2019-02-04 09:00:00;58,14999771
2019-02-04 10:00:00;50,69199829
2019-02-04 11:00:00;52,82999954
2019-02-04 12:00:00;43,87999916
2019-02-04 13:00:00;50,37399826
2019-02-04 14:00:00;38,19599915
2019-02-04 15:00:00;32,42749977
2019-02-04 16:00:00;27,84599953
2019-02-04 17:00:00;23,81199951
2019-02-04 18:00:00;23,27199974
2019-02-04 19:00:00;23,87749958
2019-02-04 20:00:00;25,20399971
2019-02-04 21:00:00;27,73199959
2019-02-04 22:00:00;29,19499922
2019-02-04 23:00:00;32,53400002
2019-02-05 00:00:00;30,66999931
2019-02-05 01:00:00;30,50999908
2019-02-05 02:00:00;28,05249977
2019-02-05 03:00:00;29,7159996
2019-02-05 04:00:00;28,18799934
2019-02-05 05:00:00;29,17666562
2019-02-05 06:00:00;28,65399933
2019-02-05 07:00:00;41,15399933
2019-02-05 08:00:00;51,55499935
2019-02-05 09:00:00;62,02999878
2019-02-05 10:00:00;51,79799957
2019-02-05 11:00:00;42,11399841
2019-02-05 12:00:00;33,29249907
2019-02-05 13:00:00;38,71199951
2019-02-05 14:00:00;36,08999888
2019-02-05 15:00:00;32,57999954
2019-02-05 16:00:00;27,84999962
2019-02-05 17:00:00;27,86749935
2019-02-05 18:00:00;23,95399933
2019-02-05 19:00:00;23,9939991
2019-02-05 20:00:00;23,79999924
2019-02-05 21:00:00;24,64799957
2019-02-05 22:00:00;24,49399948
2019-02-05 23:00:00;26,69599953
2019-02-06 00:00:00;28,75999896
2019-02-06 01:00:00;27,68999958
2019-02-06 02:00:00;23,08999939
2019-02-06 03:00:00;22,33399963
2019-02-06 04:00:00;21,00749969
2019-02-06 05:00:00;24,16999969
2019-02-06 06:00:00;28,84599915
2019-02-06 07:00:00;44,39999847
2019-02-06 08:00:00;64,59749699
2019-02-06 09:00:00;57,64999847
2019-02-06 10:00:00;69,01599884
2019-02-06 11:00:00;78,84999847
2019-02-06 12:00:00;62,92599869
2019-02-06 13:00:00;77,67999878
2019-02-06 14:00:00;82,76599731
2019-02-06 15:00:00;79,57249832
2019-02-06 16:00:00;66,29599838
2019-02-06 17:00:00;65,7719986
2019-02-06 18:00:00;70,54499817
2019-02-06 19:00:00;69,58399811
2019-02-06 20:00:00;71,87249756
2019-02-06 21:00:00;66,34499931
2019-02-06 22:00:00;60,19399796
2019-02-06 23:00:00;55,97799911
2019-02-07 00:00:00;49,86800003
2019-02-07 01:00:00;45,40499878
2019-02-07 02:00:00;41,06599884
2019-02-07 03:00:00;30,51399918
2019-02-07 04:00:00;23,27249908
2019-02-07 05:00:00;20,66799965
2019-02-07 06:00:00;27,71199875
2019-02-07 07:00:00;42,04199905
2019-02-07 08:00:00;49,66999912
2019-02-07 09:00:00;58,15999908
2019-02-07 10:00:00;56,41399918
2019-02-07 11:00:00;49,91499901
2019-02-07 12:00:00;61,20999781
2019-02-07 13:00:00;59,11399918
2019-02-07 14:00:00;59,56599884
2019-02-07 15:00:00;64,66999817
2019-02-07 17:00:00;55,21749973
2019-02-07 18:00:00;65,69199829
2019-02-07 19:00:00;66,94199677
2019-02-07 20:00:00;67,86799774
2019-02-07 21:00:00;61,07999802
2019-02-07 22:00:00;55,34599915
2019-02-07 23:00:00;49,40599899
2019-02-08 00:00:00;53,14749908
2019-02-08 01:00:00;57,11599884
2019-02-08 02:00:00;57,89999924
2019-02-08 03:00:00;44,58199844
2019-02-08 04:00:00;32,21499968
2019-02-08 05:00:00;28,12999954
2019-02-08 06:00:00;27,67999916
2019-02-08 07:00:00;28,75249958
2019-02-08 08:00:00;38,64399872
2019-02-08 09:00:00;40,7519989
2019-02-08 10:00:00;50,48399887
2019-02-08 11:00:00;47,89999866
2019-02-08 12:00:00;48,3659996
2019-02-08 13:00:00;49,65599976
2019-02-08 14:00:00;63,86999989
2019-02-08 15:00:00;59,78399887
2019-02-08 16:00:00;55,34799805
2019-02-08 17:00:00;54,59599838
2019-02-08 18:00:00;55,9924984
2019-02-08 19:00:00;59,88999863
2019-02-08 20:00:00;80,89799957
2019-02-08 21:00:00;80,05999756
2019-02-08 22:00:00;75,50799713
2019-02-08 23:00:00;69,70999908
2019-02-09 00:00:00;64,62599792
2019-02-09 01:00:00;61,38749886
2019-02-09 02:00:00;56,06999817
2019-02-09 03:00:00;46,4519989
2019-02-09 04:00:00;38,11499882
2019-02-09 05:00:00;31,71199875
2019-02-09 06:00:00;31,61799889
2019-02-09 07:00:00;37,39199905
2019-02-09 08:00:00;36,92499828
2019-02-09 09:00:00;43,03199921
2019-02-09 10:00:00;43,44999924
2019-02-09 11:00:00;43,66249847
2019-02-09 12:00:00;39,4519989
2019-02-09 13:00:00;37,28799896
2019-02-09 14:00:00;42,58199844
2019-02-09 15:00:00;47,79500008
2019-02-09 16:00:00;60,64799805
2019-02-09 17:00:00;63,37399979
2019-02-09 18:00:00;54,54499817
2019-02-09 19:00:00;58,75999832
2019-02-09 20:00:00;68,41999893
2019-02-09 21:00:00;74,67599792
2019-02-09 22:00:00;70,89999962
2019-02-09 23:00:00;61,74399872
2019-02-10 00:00:00;62,25799713
2019-02-10 01:00:00;64,2974987
2019-02-10 02:00:00;61,18799744
2019-02-10 03:00:00;54,70799942
2019-02-10 04:00:00;45,59599991
2019-02-10 05:00:00;41,04749966
2019-02-10 06:00:00;38,90999908
2019-02-10 07:00:00;43,54399948
2019-02-10 08:00:00;39,5199995
2019-02-10 09:00:00;37,5359993
2019-02-10 10:00:00;34,95999908
2019-02-10 11:00:00;34,33199921
2019-02-10 12:00:00;32,52749968
2019-02-10 13:00:00;34,36999893
2019-02-10 14:00:00;35,54999924
2019-02-10 15:00:00;36,3599987
2019-02-10 16:00:00;36,25800018
2019-02-10 17:00:00;35,81999817
2019-02-10 18:00:00;36,07799835
2019-02-10 19:00:00;38,20999908
2019-02-10 20:00:00;39,14999924
2019-02-10 21:00:00;54,12999878
2019-02-10 22:00:00;69,07749939
2019-02-10 23:00:00;75,95399933
